"ID","Section","Key","English","Greek proposal","Your correction","Status","Notes"
"1","Main rail","rail.projects","Projects","Έργα","","Proposal","Basic structure / rail"
"2","Main rail","rail.planner","Planner","Προγραμματισμός","","Proposal","Basic structure / rail"
"3","Main rail","rail.daily_works","Daily Works","Ημερήσιες εργασίες","","Proposal","Basic structure / rail"
"4","Main rail","rail.team_members","Team Members","Μέλη ομάδας","","Proposal","Basic structure / rail"
"5","Main rail","rail.equipment","Equipment","Εξοπλισμός","","Proposal","Basic structure / rail"
"6","Main rail","rail.clients","Clients","Πελάτες","","Proposal","Basic structure / rail"
"7","Main rail","rail.ai_assistant","AI Assistant","Βοηθός AI","","Proposal","Basic structure / rail"
"8","Main rail","rail.settings","Settings","Ρυθμίσεις","","Proposal","Basic structure / rail"
"9","Main rail","rail.audit_log","Audit Log","Ιστορικό ελέγχου","","Proposal","Basic structure / rail"
"10","Project workspace","workspace.info","Info","","","Needs Greek","Basic structure / rail"
"11","Project workspace","workspace.plans","Plans","Σχέδια","","Proposal","Basic structure / rail"
"12","Project workspace","workspace.files","Files","Αρχεία","","Proposal","Basic structure / rail"
"13","Project workspace","workspace.tasks","Tasks","Εργασίες","","Proposal","Basic structure / rail"
"14","Project workspace","workspace.pics","Pics","","","Needs Greek","Basic structure / rail"
"15","Project workspace","workspace.chat","Chat","Συνομιλία","","Proposal","Basic structure / rail"
"16","General","","""Courier New"", monospace","","","Needs Greek","Please add/check Greek wording"
"17","General","","""Lucida Sans Unicode"", ""Lucida Sans"", sans-serif","","","Needs Greek","Please add/check Greek wording"
"18","General","","""Palatino Linotype"", serif","","","Needs Greek","Please add/check Greek wording"
"19","General","","""Segoe UI"", sans-serif","","","Needs Greek","Please add/check Greek wording"
"20","General","","""Times New Roman"", serif","","","Needs Greek","Please add/check Greek wording"
"21","General","","""Trebuchet MS"", sans-serif","","","Needs Greek","Please add/check Greek wording"
"22","General","","&#128119; Operator","","","Needs Greek","Please add/check Greek wording"
"23","General","","&#128187; Office","","","Needs Greek","Please add/check Greek wording"
"24","Settings","","(function () { const params = new URLSearchParams(window.location.search); if (params.get(""theme"") === ""futuristic"") { document.documentElement.classList.add(""theme-futuristic""); } })();","","","Needs Greek","Please add/check Greek wording"
"25","Projects","","+ Add note","+ Προσθήκη σημείωση","","Proposal",""
"26","Projects","","+ Add photos","+ Προσθήκη φωτογραφίες","","Proposal",""
"27","Clients","","+ Client","+ Πελάτης","","Proposal",""
"28","General","","+ Upload","+ Upload","","Proposal",""
"29","General","","1 star+","","","Needs Greek","Please add/check Greek wording"
"30","General","","2 stars+","","","Needs Greek","Please add/check Greek wording"
"31","General","","2h","","","Needs Greek","Please add/check Greek wording"
"32","General","","3 stars","","","Needs Greek","Please add/check Greek wording"
"33","General","","4h","","","Needs Greek","Please add/check Greek wording"
"34","General","","A user","","","Needs Greek","Please add/check Greek wording"
"35","General","","Active","","","Needs Greek","Please add/check Greek wording"
"36","Projects","","Active Projects","Ενεργά έργα","","Proposal",""
"37","General","","Active room","","","Needs Greek","Please add/check Greek wording"
"38","General","","Add","Προσθήκη","","Proposal",""
"39","Projects","","Add a service team to connect people, areas, files, and progress.","Προσθήκη a service team to connect people, areas, files, and progress.","","Proposal",""
"40","Projects","","Add area","Προσθήκη περιοχή","","Proposal",""
"41","Team Members","","Add at least one active member before creating a Service Team.","Προσθήκη at least one active member before creating a Service Team.","","Proposal",""
"42","Projects","","Add at least one Service Team before assigning a task.","Προσθήκη at least one Service Team before assigning a task.","","Proposal",""
"43","Team Members","","Add at least one team member or project manager before assigning a task.","Προσθήκη at least one team member or project manager before assigning a task.","","Proposal",""
"44","Equipment","","Add category","Προσθήκη κατηγορία","","Proposal",""
"45","Clients","","Add client","Προσθήκη πελάτης","","Proposal",""
"46","Equipment","","Add equipment","Προσθήκη εξοπλισμός","","Proposal",""
"47","Projects","","Add File","Προσθήκη αρχείο","","Proposal",""
"48","Team Members","","Add member","Προσθήκη μέλος","","Proposal",""
"49","Equipment","","Add new category","Προσθήκη new category","","Proposal",""
"50","Clients","","Add new client","Προσθήκη new client","","Proposal",""
"51","Equipment","","Add new equipment","Προσθήκη new equipment","","Proposal",""
"52","Team Members","","Add new member","Προσθήκη new member","","Proposal",""
"53","Projects","","Add new project","Προσθήκη new project","","Proposal",""
"54","Projects","","Add Note","Προσθήκη σημείωση","","Proposal",""
"55","General","","Add Picture","Προσθήκη Picture","","Proposal",""
"56","Projects","","Add project","Προσθήκη έργο","","Proposal",""
"57","Planner","","Add project dates or activate a project so it appears in the planner.","Προσθήκη project dates or activate a project so it appears in the planner.","","Proposal",""
"58","Projects","","Add project information, instructions, or notes here.","Προσθήκη project information, instructions, or notes here.","","Proposal",""
"59","Projects","","Add to Plans","Προσθήκη to Plans","","Proposal",""
"60","Projects","","Added to Notes","","","Needs Greek","Please add/check Greek wording"
"61","General","","Address","Διεύθυνση","","Proposal",""
"62","Team Members","","Admin","","","Needs Greek","Please add/check Greek wording"
"63","Team Members","","Admin can choose a user type first and then define the permissions in the matrix. Edited users are highlighted so extra rights are easy to spot.","","","Needs Greek","Please add/check Greek wording"
"64","Team Members","","admin@local.app","","","Needs Greek","Please add/check Greek wording"
"65","Team Members","","Admins","","","Needs Greek","Please add/check Greek wording"
"66","Team Members","","Admins can choose a user type first and then define the permissions below.","","","Needs Greek","Please add/check Greek wording"
"67","AI Assistant","","All details","","","Needs Greek","Please add/check Greek wording"
"68","General","","All experience","","","Needs Greek","Please add/check Greek wording"
"69","General","","All positions","","","Needs Greek","Please add/check Greek wording"
"70","General","","all required fields","","","Needs Greek","Please add/check Greek wording"
"71","Team Members","","All roles","","","Needs Greek","Please add/check Greek wording"
"72","General","","all teams","","","Needs Greek","Please add/check Greek wording"
"73","Projects","","All teams are already planned on this date.","","","Needs Greek","Please add/check Greek wording"
"74","General","","All types","","","Needs Greek","Please add/check Greek wording"
"75","AI Assistant","","Amber Draft","","","Needs Greek","Please add/check Greek wording"
"76","AI Assistant","","Another member already uses this email address.","","","Needs Greek","Please add/check Greek wording"
"77","General","","application/octet-stream","","","Needs Greek","Please add/check Greek wording"
"78","Projects","","Archive projects","","","Needs Greek","Please add/check Greek wording"
"79","Projects","","Archive this Area?","","","Needs Greek","Please add/check Greek wording"
"80","Clients","","Archive this client?","","","Needs Greek","Please add/check Greek wording"
"81","Equipment","","Archive this equipment?","","","Needs Greek","Please add/check Greek wording"
"82","General","","Archive this item?","","","Needs Greek","Please add/check Greek wording"
"83","Projects","","Archive this project?","","","Needs Greek","Please add/check Greek wording"
"84","General","","Archive this Service Team?","","","Needs Greek","Please add/check Greek wording"
"85","Audit Log","","Archived Areas","","","Needs Greek","Please add/check Greek wording"
"86","Clients","","Archived Clients","","","Needs Greek","Please add/check Greek wording"
"87","Equipment","","Archived Equipment","","","Needs Greek","Please add/check Greek wording"
"88","Team Members","","Archived Members","","","Needs Greek","Please add/check Greek wording"
"89","Audit Log","","archived projects","","","Needs Greek","Please add/check Greek wording"
"90","Audit Log","","Archived Teams","","","Needs Greek","Please add/check Greek wording"
"91","General","","Are you happy with the picture? Save Y/N?","","","Needs Greek","Please add/check Greek wording"
"92","General","","Are you sure?","","","Needs Greek","Please add/check Greek wording"
"93","Projects","","Area","Περιοχή","","Proposal",""
"94","Audit Log","","Area Archived","","","Needs Greek","Please add/check Greek wording"
"95","Projects","","Area Completed","","","Needs Greek","Please add/check Greek wording"
"96","Audit Log","","Area Created","","","Needs Greek","Please add/check Greek wording"
"97","Projects","","Area Explorer","","","Needs Greek","Please add/check Greek wording"
"98","Projects","","Area Icon","","","Needs Greek","Please add/check Greek wording"
"99","Projects","","Area name","","","Needs Greek","Please add/check Greek wording"
"100","Audit Log","","Area Permanently Deleted","","","Needs Greek","Please add/check Greek wording"
"101","Projects","","Area Reopened","","","Needs Greek","Please add/check Greek wording"
"102","Audit Log","","Area Restored","","","Needs Greek","Please add/check Greek wording"
"103","Projects","","Area team filter","","","Needs Greek","Please add/check Greek wording"
"104","Audit Log","","Area Updated","","","Needs Greek","Please add/check Greek wording"
"105","Projects","","Area Uploads","","","Needs Greek","Please add/check Greek wording"
"106","Projects","","area-comment-preview-thumb image-open-trigger","","","Needs Greek","Please add/check Greek wording"
"107","General","","Arial, sans-serif","","","Needs Greek","Please add/check Greek wording"
"108","Team Members","","Assign project manager","","","Needs Greek","Please add/check Greek wording"
"109","General","","Assign selected team","","","Needs Greek","Please add/check Greek wording"
"110","Projects","","Assign to current project","","","Needs Greek","Please add/check Greek wording"
"111","Projects","","Assign to Project","","","Needs Greek","Please add/check Greek wording"
"112","Team Members","","Assigned member","","","Needs Greek","Please add/check Greek wording"
"113","General","","Assigned Service Team","","","Needs Greek","Please add/check Greek wording"
"114","Projects","","Assigned to project","","","Needs Greek","Please add/check Greek wording"
"115","Projects","","Associate With Area","","","Needs Greek","Please add/check Greek wording"
"116","Audit Log","","Audit Log","Ιστορικό ελέγχου","","Proposal",""
"117","AI Assistant","","Available Teams","","","Needs Greek","Please add/check Greek wording"
"118","General","","Back to Developer","","","Needs Greek","Please add/check Greek wording"
"119","General","","Berry Ledger","","","Needs Greek","Please add/check Greek wording"
"120","General","","Box view","","","Needs Greek","Please add/check Greek wording"
"121","General","","Bullet summary","","","Needs Greek","Please add/check Greek wording"
"122","AI Assistant","","button, input, label, details, summary","","","Needs Greek","Please add/check Greek wording"
"123","AI Assistant","","Camera access was not available on this device/browser.","","","Needs Greek","Please add/check Greek wording"
"124","General","","Cancel","Ακύρωση","","Proposal",""
"125","General","","Capture","","","Needs Greek","Please add/check Greek wording"
"126","General","","Categories","","","Needs Greek","Please add/check Greek wording"
"127","Equipment","","Category","","","Needs Greek","Please add/check Greek wording"
"128","Team Members","","Change user roles","","","Needs Greek","Please add/check Greek wording"
"129","General","","Charcoal Ink","","","Needs Greek","Please add/check Greek wording"
"130","General","","Chat","Συνομιλία","","Proposal",""
"131","General","","Chat image","","","Needs Greek","Please add/check Greek wording"
"132","General","","Chat Message Marked Important","","","Needs Greek","Please add/check Greek wording"
"133","General","","Chat Room","","","Needs Greek","Please add/check Greek wording"
"134","Team Members","","Check what the selected role can see and do.","","","Needs Greek","Please add/check Greek wording"
"135","Projects","","Check which teams are linked to each area and follow progress through files and pictures.","","","Needs Greek","Please add/check Greek wording"
"136","Settings","","Choose a color palette, font family, and text size for the whole app.","","","Needs Greek","Please add/check Greek wording"
"137","General","","Choose a strong color for this team.","","","Needs Greek","Please add/check Greek wording"
"138","General","","Choose action.","","","Needs Greek","Please add/check Greek wording"
"139","General","","Choose from popular workspace colors or open more colors.","","","Needs Greek","Please add/check Greek wording"
"140","Team Members","","Choose the user type in the first row, then define the permissions below. Your own column stays locked.","","","Needs Greek","Please add/check Greek wording"
"141","General","","Choose what you want to add.","","","Needs Greek","Please add/check Greek wording"
"142","General","","Clear","Καθαρισμός","","Proposal",""
"143","General","","Click a free team, then click a time slot to place it on the calendar.","","","Needs Greek","Please add/check Greek wording"
"144","Planner","","Click a free team, then use a project card to create an assignment.","","","Needs Greek","Please add/check Greek wording"
"145","Clients","","Client","Πελάτης","","Proposal",""
"146","Clients","","Client and project context","","","Needs Greek","Please add/check Greek wording"
"147","Clients","","Client Archived","","","Needs Greek","Please add/check Greek wording"
"148","Clients","","Client Created","","","Needs Greek","Please add/check Greek wording"
"149","AI Assistant","","Client Details","","","Needs Greek","Please add/check Greek wording"
"150","Clients","","Client Linked To Project","","","Needs Greek","Please add/check Greek wording"
"151","Clients","","Client List","","","Needs Greek","Please add/check Greek wording"
"152","Clients","","Client name or company is required.","","","Needs Greek","Please add/check Greek wording"
"153","Clients","","Client Permanently Deleted","","","Needs Greek","Please add/check Greek wording"
"154","Clients","","Client Updated","","","Needs Greek","Please add/check Greek wording"
"155","Clients","","Clients","Πελάτες","","Proposal",""
"156","General","","Close","Κλείσιμο","","Proposal",""
"157","Equipment","","Close category form","","","Needs Greek","Please add/check Greek wording"
"158","Clients","","Close client popup","","","Needs Greek","Please add/check Greek wording"
"159","Equipment","","Close equipment form","","","Needs Greek","Please add/check Greek wording"
"160","Team Members","","Close member form","","","Needs Greek","Please add/check Greek wording"
"161","Projects","","Close project popup","","","Needs Greek","Please add/check Greek wording"
"162","General","","Cocoa Grid","","","Needs Greek","Please add/check Greek wording"
"163","AI Assistant","","Collapse client details","","","Needs Greek","Please add/check Greek wording"
"164","Clients","","Collapse clients list","","","Needs Greek","Please add/check Greek wording"
"165","AI Assistant","","Collapse equipment details","","","Needs Greek","Please add/check Greek wording"
"166","Equipment","","Collapse equipment list","","","Needs Greek","Please add/check Greek wording"
"167","AI Assistant","","Collapse member details","","","Needs Greek","Please add/check Greek wording"
"168","Team Members","","Collapse members list","","","Needs Greek","Please add/check Greek wording"
"169","Projects","","Collapse project setup","","","Needs Greek","Please add/check Greek wording"
"170","General","","Collapse service team info","","","Needs Greek","Please add/check Greek wording"
"171","General","","Collected Comments","","","Needs Greek","Please add/check Greek wording"
"172","General","","Color Palettes","","","Needs Greek","Please add/check Greek wording"
"173","Audit Log","","Comment Created","","","Needs Greek","Please add/check Greek wording"
"174","General","","Comment image","","","Needs Greek","Please add/check Greek wording"
"175","General","","Comment picture","","","Needs Greek","Please add/check Greek wording"
"176","Audit Log","","Comment Updated","","","Needs Greek","Please add/check Greek wording"
"177","Clients","","Company","","","Needs Greek","Please add/check Greek wording"
"178","General","","Completed","","","Needs Greek","Please add/check Greek wording"
"179","Projects","","completed projects","","","Needs Greek","Please add/check Greek wording"
"180","General","","Confirm","","","Needs Greek","Please add/check Greek wording"
"181","Projects","","Connect this task with one or more Service Team entries.","","","Needs Greek","Please add/check Greek wording"
"182","Projects","","Connect this task with project pictures.","","","Needs Greek","Please add/check Greek wording"
"183","Projects","","Connect uploaded photos with this project area.","","","Needs Greek","Please add/check Greek wording"
"184","General","","Content","","","Needs Greek","Please add/check Greek wording"
"185","General","","Coral Board","","","Needs Greek","Please add/check Greek wording"
"186","General","","Courier New","","","Needs Greek","Please add/check Greek wording"
"187","Projects","","Create a Service Team and open it to begin building the project record.","","","Needs Greek","Please add/check Greek wording"
"188","Team Members","","Create admins","","","Needs Greek","Please add/check Greek wording"
"189","Projects","","Create an area to connect work, files, and progress pictures.","","","Needs Greek","Please add/check Greek wording"
"190","Projects","","Create at least one Service Team inside a project to start planning.","","","Needs Greek","Please add/check Greek wording"
"191","General","","Create comment","","","Needs Greek","Please add/check Greek wording"
"192","Equipment","","Create equipment entries for the team and group them into reusable categories.","","","Needs Greek","Please add/check Greek wording"
"193","Team Members","","Create members","","","Needs Greek","Please add/check Greek wording"
"194","General","","Create or select a user to inspect access.","","","Needs Greek","Please add/check Greek wording"
"195","Projects","","Create projects","","","Needs Greek","Please add/check Greek wording"
"196","Projects","","Create task","","","Needs Greek","Please add/check Greek wording"
"197","Projects","","Create tasks with what, team, area, and due date.","","","Needs Greek","Please add/check Greek wording"
"198","Projects","","Create your first project","Δημιουργία πρώτου έργου","","Proposal",""
"199","General","","Creating","","","Needs Greek","Please add/check Greek wording"
"200","General","","Current access","","","Needs Greek","Please add/check Greek wording"
"201","AI Assistant","","dashboard-section project-details-panel","","","Needs Greek","Please add/check Greek wording"
"202","Audit Log","","dashboard-subheader archived-visible-label","","","Needs Greek","Please add/check Greek wording"
"203","Team Members","","dashboard-subheader archived-visible-label member-archive-divider","","","Needs Greek","Please add/check Greek wording"
"204","General","","Date","Ημερομηνία","","Proposal",""
"205","General","","Day","Ημέρα","","Proposal",""
"206","Team Members","","Deactivate this member?","","","Needs Greek","Please add/check Greek wording"
"207","General","","Delete","Διαγραφή","","Proposal",""
"208","Team Members","","Delete admins","Διαγραφή admins","","Proposal",""
"209","Audit Log","","Delete Archived Projects","Διαγραφή Archived Projects","","Proposal",""
"210","Projects","","Delete Area","Διαγραφή περιοχή","","Proposal",""
"211","Clients","","Delete Client","Διαγραφή πελάτης","","Proposal",""
"212","Equipment","","Delete Equipment","Διαγραφή εξοπλισμός","","Proposal",""
"213","General","","Delete Item","Διαγραφή Item","","Proposal",""
"214","Team Members","","Delete Member","Διαγραφή μέλος","","Proposal",""
"215","Team Members","","Delete members permanently","Διαγραφή members permanently","","Proposal",""
"216","Projects","","Delete Project","Διαγραφή έργο","","Proposal",""
"217","Projects","","Delete projects permanently","Διαγραφή projects permanently","","Proposal",""
"218","General","","Delete Selected","Διαγραφή Selected","","Proposal",""
"219","General","","Delete Service Team","Διαγραφή Service Team","","Proposal",""
"220","Planner","","Delete this planner assignment?","Διαγραφή this planner assignment?","","Proposal",""
"221","Projects","","Denim Notes","","","Needs Greek","Please add/check Greek wording"
"222","General","","Developer","","","Needs Greek","Please add/check Greek wording"
"223","General","","Developer preview","","","Needs Greek","Please add/check Greek wording"
"224","General","","Developer Preview Changed","","","Needs Greek","Please add/check Greek wording"
"225","General","","Developer Preview Reset","","","Needs Greek","Please add/check Greek wording"
"226","General","","Developers","","","Needs Greek","Please add/check Greek wording"
"227","AI Assistant","","directory-detail-meta member-detail-summary","","","Needs Greek","Please add/check Greek wording"
"228","AI Assistant","","directory-detail-section full-width","","","Needs Greek","Please add/check Greek wording"
"229","Equipment","","directory-select-list equipment-select-list","","","Needs Greek","Please add/check Greek wording"
"230","General","","Done","","","Needs Greek","Please add/check Greek wording"
"231","AI Assistant","","Drag a team from the left rail onto an area to connect the work.","","","Needs Greek","Please add/check Greek wording"
"232","General","","Drag a team here","","","Needs Greek","Please add/check Greek wording"
"233","General","","Drop a Service Team here","","","Needs Greek","Please add/check Greek wording"
"234","Projects","","Drop files into area files","","","Needs Greek","Please add/check Greek wording"
"235","Projects","","Drop files or pics here","","","Needs Greek","Please add/check Greek wording"
"236","Projects","","Drop files or pics into area files","","","Needs Greek","Please add/check Greek wording"
"237","Projects","","Drop files or pics into area information","","","Needs Greek","Please add/check Greek wording"
"238","Projects","","Drop files or pics into area notes","","","Needs Greek","Please add/check Greek wording"
"239","Projects","","Drop files or pics into general files","","","Needs Greek","Please add/check Greek wording"
"240","Projects","","Drop files or pics into general information","","","Needs Greek","Please add/check Greek wording"
"241","Projects","","Drop files or pics into plans","","","Needs Greek","Please add/check Greek wording"
"242","Projects","","Drop files or pics into this area","","","Needs Greek","Please add/check Greek wording"
"243","Projects","","Drop files or pics into this team","","","Needs Greek","Please add/check Greek wording"
"244","Projects","","Drop pics into area photos","","","Needs Greek","Please add/check Greek wording"
"245","Projects","","Drop pictures into area photos","","","Needs Greek","Please add/check Greek wording"
"246","Projects","","Drop pictures into general photos","","","Needs Greek","Please add/check Greek wording"
"247","General","","due date","","","Needs Greek","Please add/check Greek wording"
"248","Planner","","Edit Assignment","Επεξεργασία Assignment","","Proposal",""
"249","Equipment","","Edit Category","Επεξεργασία κατηγορία","","Proposal",""
"250","Clients","","Edit Client","Επεξεργασία πελάτης","","Proposal",""
"251","General","","Edit comment","Επεξεργασία comment","","Proposal",""
"252","Equipment","","Edit Equipment","Επεξεργασία εξοπλισμός","","Proposal",""
"253","Team Members","","Edit Member","Επεξεργασία μέλος","","Proposal",""
"254","AI Assistant","","Edit project details, folders, notes, tasks","Επεξεργασία project details, folders, notes, tasks","","Proposal",""
"255","Projects","","Edit task notes","Επεξεργασία task notes","","Proposal",""
"256","General","","Edit title","Επεξεργασία title","","Proposal",""
"257","General","","Electrical tools","","","Needs Greek","Please add/check Greek wording"
"258","AI Assistant","","Email","Email","","Proposal",""
"259","General","","Ember Paper","","","Needs Greek","Please add/check Greek wording"
"260","General","","End","","","Needs Greek","Please add/check Greek wording"
"261","General","","End date","Ημερομηνία λήξης","","Proposal",""
"262","General","","End time must be later than start time.","","","Needs Greek","Please add/check Greek wording"
"263","Equipment","","Equipment","Εξοπλισμός","","Proposal",""
"264","Equipment","","Equipment Archived","","","Needs Greek","Please add/check Greek wording"
"265","Equipment","","Equipment Category","","","Needs Greek","Please add/check Greek wording"
"266","Equipment","","Equipment Category Created","","","Needs Greek","Please add/check Greek wording"
"267","Equipment","","Equipment Category Updated","","","Needs Greek","Please add/check Greek wording"
"268","Equipment","","Equipment Created","","","Needs Greek","Please add/check Greek wording"
"269","AI Assistant","","Equipment Details","","","Needs Greek","Please add/check Greek wording"
"270","Equipment","","Equipment List","","","Needs Greek","Please add/check Greek wording"
"271","Equipment","","Equipment Permanently Deleted","","","Needs Greek","Please add/check Greek wording"
"272","Equipment","","Equipment Restored","","","Needs Greek","Please add/check Greek wording"
"273","Equipment","","Equipment Updated","","","Needs Greek","Please add/check Greek wording"
"274","General","","Expand","Άνοιγμα","","Proposal",""
"275","AI Assistant","","Expand client details","","","Needs Greek","Please add/check Greek wording"
"276","Clients","","Expand clients list","","","Needs Greek","Please add/check Greek wording"
"277","AI Assistant","","Expand equipment details","","","Needs Greek","Please add/check Greek wording"
"278","Equipment","","Expand equipment list","","","Needs Greek","Please add/check Greek wording"
"279","AI Assistant","","Expand member details","","","Needs Greek","Please add/check Greek wording"
"280","Team Members","","Expand members list","","","Needs Greek","Please add/check Greek wording"
"281","Projects","","Expand project panels","","","Needs Greek","Please add/check Greek wording"
"282","Projects","","Expand project setup","","","Needs Greek","Please add/check Greek wording"
"283","General","","Expand service team info","","","Needs Greek","Please add/check Greek wording"
"284","Team Members","","Expand to edit the default permissions for each role. Your current role template stays locked.","","","Needs Greek","Please add/check Greek wording"
"285","AI Assistant","","Failed","","","Needs Greek","Please add/check Greek wording"
"286","Projects","","File","","","Needs Greek","Please add/check Greek wording"
"287","Projects","","File Uploaded","","","Needs Greek","Please add/check Greek wording"
"288","Projects","","file-link file-title-link","","","Needs Greek","Please add/check Greek wording"
"289","Projects","","Files","Αρχεία","","Proposal",""
"290","Projects","","file-thumb-preview image-open-trigger","","","Needs Greek","Please add/check Greek wording"
"291","General","","Filter by this team","","","Needs Greek","Please add/check Greek wording"
"292","General","","Fjord Mist","","","Needs Greek","Please add/check Greek wording"
"293","Settings","","Font","","","Needs Greek","Please add/check Greek wording"
"294","Settings","","Font family","","","Needs Greek","Please add/check Greek wording"
"295","Settings","","Font size","","","Needs Greek","Please add/check Greek wording"
"296","General","","Forest Ledger","","","Needs Greek","Please add/check Greek wording"
"297","Projects","","General Files","","","Needs Greek","Please add/check Greek wording"
"298","General","","General Information","","","Needs Greek","Please add/check Greek wording"
"299","Projects","","General Photos","","","Needs Greek","Please add/check Greek wording"
"300","General","","Georgia, serif","","","Needs Greek","Please add/check Greek wording"
"301","Projects","","ghost-btn area-archive-btn","","","Needs Greek","Please add/check Greek wording"
"302","Projects","","ghost-btn area-comment-btn","","","Needs Greek","Please add/check Greek wording"
"303","Projects","","ghost-btn area-complete-toggle-btn","","","Needs Greek","Please add/check Greek wording"
"304","Projects","","ghost-btn area-delete-btn","","","Needs Greek","Please add/check Greek wording"
"305","Projects","","ghost-btn area-edit-btn","","","Needs Greek","Please add/check Greek wording"
"306","Projects","","ghost-btn area-file-btn","","","Needs Greek","Please add/check Greek wording"
"307","Projects","","ghost-btn area-photo-btn","","","Needs Greek","Please add/check Greek wording"
"308","General","","ghost-btn chat-important-btn","","","Needs Greek","Please add/check Greek wording"
"309","General","","ghost-btn destructive-btn","","","Needs Greek","Please add/check Greek wording"
"310","General","","ghost-btn open-team-btn","","","Needs Greek","Please add/check Greek wording"
"311","Projects","","ghost-btn project-chat-attach-btn","","","Needs Greek","Please add/check Greek wording"
"312","Projects","","ghost-btn team-file-btn","","","Needs Greek","Please add/check Greek wording"
"313","Projects","","ghost-btn team-note-btn","","","Needs Greek","Please add/check Greek wording"
"314","Projects","","ghost-btn team-photo-btn","","","Needs Greek","Please add/check Greek wording"
"315","Projects","","Give a name or associate in an area before selecting photos.","","","Needs Greek","Please add/check Greek wording"
"316","Projects","","Give the file group a name first. Leave empty to use the default name.","","","Needs Greek","Please add/check Greek wording"
"317","General","","Graphite Calm","","","Needs Greek","Please add/check Greek wording"
"318","AI Assistant","","Greek speech assist","","","Needs Greek","Please add/check Greek wording"
"319","Projects","","has no visible project selected","","","Needs Greek","Please add/check Greek wording"
"320","General","","Heating / HVAC","","","Needs Greek","Please add/check Greek wording"
"321","Audit Log","","Hide Archived","","","Needs Greek","Please add/check Greek wording"
"322","Audit Log","","Hide archived elements","","","Needs Greek","Please add/check Greek wording"
"323","Projects","","Hide original file name","","","Needs Greek","Please add/check Greek wording"
"324","General","","Hourly","","","Needs Greek","Please add/check Greek wording"
"325","Projects","","I added a bullet summary to Notes.","","","Needs Greek","Please add/check Greek wording"
"326","General","","Icon","Εικονίδιο","","Proposal",""
"327","Projects","","Image file","","","Needs Greek","Please add/check Greek wording"
"328","General","","Image preview","","","Needs Greek","Please add/check Greek wording"
"329","General","","image/","","","Needs Greek","Please add/check Greek wording"
"330","General","","image/jpeg","","","Needs Greek","Please add/check Greek wording"
"331","General","","Info","","","Needs Greek","Please add/check Greek wording"
"332","Team Members","","Info cannot be archived. Only an admin can delete the full project.","","","Needs Greek","Please add/check Greek wording"
"333","Team Members","","Info cannot be deleted as an area. Only an admin can delete the full project.","","","Needs Greek","Please add/check Greek wording"
"334","Projects","","Info cannot be edited as an area. It belongs to the project.","","","Needs Greek","Please add/check Greek wording"
"335","Audit Log","","Info cannot be permanently deleted as an area. Only full project deletion removes it.","","","Needs Greek","Please add/check Greek wording"
"336","Projects","","input, select, textarea, button","","","Needs Greek","Please add/check Greek wording"
"337","Audit Log","","Item Archived","","","Needs Greek","Please add/check Greek wording"
"338","Audit Log","","Item Permanently Deleted","","","Needs Greek","Please add/check Greek wording"
"339","Audit Log","","Item Restored","","","Needs Greek","Please add/check Greek wording"
"340","Audit Log","","Item Updated","","","Needs Greek","Please add/check Greek wording"
"341","General","","item-card compact-card","","","Needs Greek","Please add/check Greek wording"
"342","Audit Log","","item-card compact-card archived-item-card","","","Needs Greek","Please add/check Greek wording"
"343","General","","item-card compact-card team-overview-card","","","Needs Greek","Please add/check Greek wording"
"344","General","","Keep the team record together without leaving this popup.","","","Needs Greek","Please add/check Greek wording"
"345","General","","Lagoon Work","","","Needs Greek","Please add/check Greek wording"
"346","General","","Linked pictures","","","Needs Greek","Please add/check Greek wording"
"347","General","","Linked Service Team","","","Needs Greek","Please add/check Greek wording"
"348","General","","List view","","","Needs Greek","Please add/check Greek wording"
"349","General","","Listening...","","","Needs Greek","Please add/check Greek wording"
"350","General","","Living Room","","","Needs Greek","Please add/check Greek wording"
"351","Planner","","Loading planner data...","","","Needs Greek","Please add/check Greek wording"
"352","General","","Lucida Sans","","","Needs Greek","Please add/check Greek wording"
"353","General","","M10 15v4","","","Needs Greek","Please add/check Greek wording"
"354","General","","M10 5h4","","","Needs Greek","Please add/check Greek wording"
"355","General","","M10 6v12","","","Needs Greek","Please add/check Greek wording"
"356","General","","M11 10v2","","","Needs Greek","Please add/check Greek wording"
"357","General","","M11 7h.01","","","Needs Greek","Please add/check Greek wording"
"358","General","","M12 12h.01","","","Needs Greek","Please add/check Greek wording"
"359","General","","M12 16v2","","","Needs Greek","Please add/check Greek wording"
"360","General","","M12 4v16","","","Needs Greek","Please add/check Greek wording"
"361","General","","M12 5v12","","","Needs Greek","Please add/check Greek wording"
"362","General","","M12 9v6","","","Needs Greek","Please add/check Greek wording"
"363","General","","M13 12V10h5v2","","","Needs Greek","Please add/check Greek wording"
"364","General","","M13 19h2","","","Needs Greek","Please add/check Greek wording"
"365","General","","M13 2 6 13h5l-1 9 8-12h-5z","","","Needs Greek","Please add/check Greek wording"
"366","General","","M13 8v11","","","Needs Greek","Please add/check Greek wording"
"367","General","","M14 10v4","","","Needs Greek","Please add/check Greek wording"
"368","General","","M14 12V9h3l3 3","","","Needs Greek","Please add/check Greek wording"
"369","General","","M14 14v5","","","Needs Greek","Please add/check Greek wording"
"370","General","","M14 6a4 4 0 0 0 4.5 5.6l-7.9 7.9a2 2 0 1 1-2.8-2.8l7.9-7.9A4 4 0 0 0 14 6Z","","","Needs Greek","Please add/check Greek wording"
"371","General","","M14 6l4 4","","","Needs Greek","Please add/check Greek wording"
"372","General","","M14 6v12","","","Needs Greek","Please add/check Greek wording"
"373","General","","M15 10h3l2 2v2h-5","","","Needs Greek","Please add/check Greek wording"
"374","General","","M15 7v12","","","Needs Greek","Please add/check Greek wording"
"375","General","","M15 9v6","","","Needs Greek","Please add/check Greek wording"
"376","General","","M16 14v2","","","Needs Greek","Please add/check Greek wording"
"377","General","","M16 19v2","","","Needs Greek","Please add/check Greek wording"
"378","General","","M16 5l2 14","","","Needs Greek","Please add/check Greek wording"
"379","General","","M17 10v2","","","Needs Greek","Please add/check Greek wording"
"380","General","","M17 11h3l1 1-1 1h-3","","","Needs Greek","Please add/check Greek wording"
"381","General","","M17 18a1.5 1.5 0 1 0 0 3 1.5 1.5 0 0 0 0-3Z","","","Needs Greek","Please add/check Greek wording"
"382","General","","M17 8v11","","","Needs Greek","Please add/check Greek wording"
"383","General","","M18 11h2","","","Needs Greek","Please add/check Greek wording"
"384","General","","M20 11.5h1","","","Needs Greek","Please add/check Greek wording"
"385","General","","M20 18v2","","","Needs Greek","Please add/check Greek wording"
"386","General","","M3 10h18","","","Needs Greek","Please add/check Greek wording"
"387","General","","M3 11 12 4l9 7","","","Needs Greek","Please add/check Greek wording"
"388","General","","m3 12 9-8 9 8","","","Needs Greek","Please add/check Greek wording"
"389","General","","M3 19h18","","","Needs Greek","Please add/check Greek wording"
"390","General","","M3 8h18","","","Needs Greek","Please add/check Greek wording"
"391","General","","M4 10h16","","","Needs Greek","Please add/check Greek wording"
"392","General","","M4 10h9a4 4 0 0 1 4 4v1H8a4 4 0 0 1-4-4v-1Z","","","Needs Greek","Please add/check Greek wording"
"393","General","","M4 11h16","","","Needs Greek","Please add/check Greek wording"
"394","General","","M4 12h13l3 3v3H4v-6Z","","","Needs Greek","Please add/check Greek wording"
"395","General","","M4 12h16","","","Needs Greek","Please add/check Greek wording"
"396","General","","M4 12h16v3a4 4 0 0 1-4 4H8a4 4 0 0 1-4-4v-3Z","","","Needs Greek","Please add/check Greek wording"
"397","General","","M4 12h16v5a2 2 0 0 1-2 2H6a2 2 0 0 1-2-2z","","","Needs Greek","Please add/check Greek wording"
"398","General","","M4 12h16v6H4z","","","Needs Greek","Please add/check Greek wording"
"399","General","","M4 13h16","","","Needs Greek","Please add/check Greek wording"
"400","General","","M4 14h16","","","Needs Greek","Please add/check Greek wording"
"401","General","","M4 17h16","","","Needs Greek","Please add/check Greek wording"
"402","General","","M4 18h4v-4h4v-4h4V6h4","","","Needs Greek","Please add/check Greek wording"
"403","General","","M4 18v2","","","Needs Greek","Please add/check Greek wording"
"404","General","","M4 6h16v12H4z","","","Needs Greek","Please add/check Greek wording"
"405","General","","M4 7h16v12H4z","","","Needs Greek","Please add/check Greek wording"
"406","General","","M4 8h11l3 3v5H7l-3-3z","","","Needs Greek","Please add/check Greek wording"
"407","General","","M4 9h16v8a2 2 0 0 1-2 2H6a2 2 0 0 1-2-2V9Z","","","Needs Greek","Please add/check Greek wording"
"408","General","","M5 10h14v4a5 5 0 0 1-5 5h-4a5 5 0 0 1-5-5v-4Z","","","Needs Greek","Please add/check Greek wording"
"409","General","","M5 10v10h14V10","","","Needs Greek","Please add/check Greek wording"
"410","General","","M5 14a7 7 0 0 1 14 0","","","Needs Greek","Please add/check Greek wording"
"411","General","","M5 8v11","","","Needs Greek","Please add/check Greek wording"
"412","General","","M6 11v9h12v-9","","","Needs Greek","Please add/check Greek wording"
"413","General","","M6 12V9h5v3","","","Needs Greek","Please add/check Greek wording"
"414","General","","M6 16v4","","","Needs Greek","Please add/check Greek wording"
"415","General","","M6 17V9l6-4 6 4v8","","","Needs Greek","Please add/check Greek wording"
"416","General","","M6 4h10v16H6z","","","Needs Greek","Please add/check Greek wording"
"417","General","","M6 7h12v10H6z","","","Needs Greek","Please add/check Greek wording"
"418","General","","M7 12V8a2 2 0 0 1 2-2","","","Needs Greek","Please add/check Greek wording"
"419","General","","M7 12V9h10v3","","","Needs Greek","Please add/check Greek wording"
"420","General","","M7 16v2","","","Needs Greek","Please add/check Greek wording"
"421","General","","M7 18a1.5 1.5 0 1 0 0 3 1.5 1.5 0 0 0 0-3Z","","","Needs Greek","Please add/check Greek wording"
"422","General","","M7 5v6a3 3 0 0 0 3 3h4","","","Needs Greek","Please add/check Greek wording"
"423","General","","M8 10v4","","","Needs Greek","Please add/check Greek wording"
"424","General","","M8 12h8","","","Needs Greek","Please add/check Greek wording"
"425","General","","M8 14v2","","","Needs Greek","Please add/check Greek wording"
"426","General","","M8 16h5","","","Needs Greek","Please add/check Greek wording"
"427","General","","M8 16h8","","","Needs Greek","Please add/check Greek wording"
"428","General","","M8 19h4","","","Needs Greek","Please add/check Greek wording"
"429","General","","M8 19v2","","","Needs Greek","Please add/check Greek wording"
"430","General","","M8 20v-6h8v6","","","Needs Greek","Please add/check Greek wording"
"431","General","","M8 5 6 19","","","Needs Greek","Please add/check Greek wording"
"432","General","","M8 7h.01","","","Needs Greek","Please add/check Greek wording"
"433","General","","M8 8h8","","","Needs Greek","Please add/check Greek wording"
"434","General","","M8.5 12h7","","","Needs Greek","Please add/check Greek wording"
"435","General","","M9 6a1.5 1.5 0 1 0-3 0v6","","","Needs Greek","Please add/check Greek wording"
"436","General","","M9 7v12","","","Needs Greek","Please add/check Greek wording"
"437","General","","M9 8h6","","","Needs Greek","Please add/check Greek wording"
"438","General","","M9 8v11","","","Needs Greek","Please add/check Greek wording"
"439","General","","M9 8V6h6v2","","","Needs Greek","Please add/check Greek wording"
"440","General","","M9 9v6","","","Needs Greek","Please add/check Greek wording"
"441","General","","M9 9V7a2 2 0 0 1 2-2h2a2 2 0 0 1 2 2v2","","","Needs Greek","Please add/check Greek wording"
"442","AI Assistant","","Magic word: ""Ready over"". Say it when your speech is ready.","","","Needs Greek","Please add/check Greek wording"
"443","Projects","","Make this comment visible on the master plan","","","Needs Greek","Please add/check Greek wording"
"444","Projects","","Manage areas and service teams","","","Needs Greek","Please add/check Greek wording"
"445","Planner","","Manage system users and project assignments for the currently selected project.","","","Needs Greek","Please add/check Greek wording"
"446","Team Members","","Manager","Υπεύθυνος","","Proposal",""
"447","Team Members","","Managers","","","Needs Greek","Please add/check Greek wording"
"448","Projects","","Mark a comment with â€œvisible on the master planâ€ to collect it here.","","","Needs Greek","Please add/check Greek wording"
"449","General","","Mark Important","","","Needs Greek","Please add/check Greek wording"
"450","General","","Measuring tools","","","Needs Greek","Please add/check Greek wording"
"451","Team Members","","Member","","","Needs Greek","Please add/check Greek wording"
"452","Team Members","","Member Assigned To Project","","","Needs Greek","Please add/check Greek wording"
"453","Team Members","","Member Created","","","Needs Greek","Please add/check Greek wording"
"454","Team Members","","Member Deactivated","","","Needs Greek","Please add/check Greek wording"
"455","AI Assistant","","Member Details","","","Needs Greek","Please add/check Greek wording"
"456","Team Members","","Member Permanently Deleted","","","Needs Greek","Please add/check Greek wording"
"457","Team Members","","Member Permission Matrix","","","Needs Greek","Please add/check Greek wording"
"458","Team Members","","Member Permission Updated","","","Needs Greek","Please add/check Greek wording"
"459","Team Members","","Member Phone Check","","","Needs Greek","Please add/check Greek wording"
"460","Team Members","","Member Restored","","","Needs Greek","Please add/check Greek wording"
"461","Team Members","","Member Role Updated","","","Needs Greek","Please add/check Greek wording"
"462","Team Members","","Member Updated","","","Needs Greek","Please add/check Greek wording"
"463","AI Assistant","","member-detail-grid permission-member-detail-grid","","","Needs Greek","Please add/check Greek wording"
"464","Team Members","","member-qualification-badge empty","","","Needs Greek","Please add/check Greek wording"
"465","Team Members","","Members","","","Needs Greek","Please add/check Greek wording"
"466","Team Members","","member-workmode-badge empty","","","Needs Greek","Please add/check Greek wording"
"467","General","","Message","Μήνυμα","","Proposal",""
"468","Projects","","Messages are saved in this project.","","","Needs Greek","Please add/check Greek wording"
"469","General","","meta-pill connection-pill","","","Needs Greek","Please add/check Greek wording"
"470","General","","meta-pill directory-select-status","","","Needs Greek","Please add/check Greek wording"
"471","Team Members","","meta-pill permission-elevated-pill","","","Needs Greek","Please add/check Greek wording"
"472","Audit Log","","meta-pill status-pill-archived","","","Needs Greek","Please add/check Greek wording"
"473","General","","meta-pill team-color-pill connection-pill","","","Needs Greek","Please add/check Greek wording"
"474","Equipment","","meta-row equipment-category-card-pills","","","Needs Greek","Please add/check Greek wording"
"475","General","","Midnight Paper","","","Needs Greek","Please add/check Greek wording"
"476","General","","Mint Desk","","","Needs Greek","Please add/check Greek wording"
"477","General","","More colors","","","Needs Greek","Please add/check Greek wording"
"478","Team Members","","muted permission-matrix-empty","","","Needs Greek","Please add/check Greek wording"
"479","Team Members","","muted permission-matrix-filter-title","","","Needs Greek","Please add/check Greek wording"
"480","Team Members","","muted permission-matrix-helper","","","Needs Greek","Please add/check Greek wording"
"481","Team Members","","muted permission-role-defaults-helper","","","Needs Greek","Please add/check Greek wording"
"482","Projects","","muted project-chat-composer-note","","","Needs Greek","Please add/check Greek wording"
"483","General","","muted section-intro","","","Needs Greek","Please add/check Greek wording"
"484","Team Members","","muted service-team-member-list-empty","","","Needs Greek","Please add/check Greek wording"
"485","Projects","","My Projects","Τα έργα μου","","Proposal",""
"486","General","","My team","","","Needs Greek","Please add/check Greek wording"
"487","General","","Name","Όνομα","","Proposal",""
"488","Planner","","New assignment","Νέο assignment","","Proposal",""
"489","Equipment","","New Category","Νέο κατηγορία","","Proposal",""
"490","Clients","","New Client","Νέο πελάτης","","Proposal",""
"491","Equipment","","New Equipment","Νέο εξοπλισμός","","Proposal",""
"492","Team Members","","New Member","Νέο μέλος","","Proposal",""
"493","Audit Log","","New task is created.","Νέο task is created.","","Proposal",""
"494","General","","New team","Νέο ομάδα","","Proposal",""
"495","General","","No","","","Needs Greek","Please add/check Greek wording"
"496","Projects","","No active projects yet.","Δεν υπάρχουν ακόμα ενεργά έργα.","","Proposal",""
"497","General","","No active user","","","Needs Greek","Please add/check Greek wording"
"498","General","","No active user selected","","","Needs Greek","Please add/check Greek wording"
"499","General","","No address added","Δεν έχει προστεθεί διεύθυνση","","Proposal",""
"500","General","","No address yet.","Δεν υπάρχουν ακόμα διεύθυνση.","","Proposal",""
"501","Audit Log","","No archived projects yet.","Δεν υπάρχουν ακόμα αρχειοθετημένα έργα.","","Proposal",""
"502","Projects","","No area selected","","","Needs Greek","Please add/check Greek wording"
"503","Projects","","No areas yet","Δεν υπάρχουν ακόμα περιοχές.","","Proposal",""
"504","Equipment","","No category","","","Needs Greek","Please add/check Greek wording"
"505","Clients","","No client assigned","Δεν έχει οριστεί πελάτης","","Proposal",""
"506","Clients","","No clients yet. Add the first client on the left.","","","Needs Greek","Please add/check Greek wording"
"507","General","","No collected comments yet","Δεν υπάρχουν ακόμα collected comments.","","Proposal",""
"508","Clients","","No company","","","Needs Greek","Please add/check Greek wording"
"509","Clients","","No company or address","","","Needs Greek","Please add/check Greek wording"
"510","Clients","","No company or address yet.","Δεν υπάρχουν ακόμα company or address.","","Proposal",""
"511","Projects","","No completed projects yet.","Δεν υπάρχουν ακόμα ολοκληρωμένα έργα.","","Proposal",""
"512","AI Assistant","","No contact details","","","Needs Greek","Please add/check Greek wording"
"513","General","","No date","","","Needs Greek","Please add/check Greek wording"
"514","AI Assistant","","No email","","","Needs Greek","Please add/check Greek wording"
"515","Equipment","","No equipment categories yet.","Δεν υπάρχουν ακόμα equipment categories.","","Proposal",""
"516","AI Assistant","","No equipment is available for the selected category.","","","Needs Greek","Please add/check Greek wording"
"517","Equipment","","No equipment yet. Add the first item on the left.","","","Needs Greek","Please add/check Greek wording"
"518","General","","No experience","","","Needs Greek","Please add/check Greek wording"
"519","Projects","","No extra notes.","","","Needs Greek","Please add/check Greek wording"
"520","Projects","","No files from teams or areas yet.","Δεν υπάρχουν ακόμα files from teams or areas.","","Proposal",""
"521","Projects","","No files yet.","Δεν υπάρχουν ακόμα αρχεία.","","Proposal",""
"522","General","","No free teams","","","Needs Greek","Please add/check Greek wording"
"523","Projects","","No general files yet","Δεν υπάρχουν ακόμα general files.","","Proposal",""
"524","General","","No general information yet","Δεν υπάρχουν ακόμα general information.","","Proposal",""
"525","Projects","","No general photos yet","Δεν υπάρχουν ακόμα general photos.","","Proposal",""
"526","General","","No icon","Χωρίς εικονίδιο","","Proposal",""
"527","Projects","","No image files were found in the selected location.","","","Needs Greek","Please add/check Greek wording"
"528","General","","No linked team","","","Needs Greek","Please add/check Greek wording"
"529","General","","No linked team yet.","Δεν υπάρχουν ακόμα linked team.","","Proposal",""
"530","Team Members","","No member matches the current filters.","","","Needs Greek","Please add/check Greek wording"
"531","AI Assistant","","No members available.","","","Needs Greek","Please add/check Greek wording"
"532","Team Members","","No members match the current filters.","","","Needs Greek","Please add/check Greek wording"
"533","Team Members","","No members yet.","Δεν υπάρχουν ακόμα μέλη.","","Proposal",""
"534","Projects","","No notes from teams or areas yet.","Δεν υπάρχουν ακόμα notes from teams or areas.","","Proposal",""
"535","Projects","","No notes yet.","Δεν υπάρχουν ακόμα σημειώσεις.","","Proposal",""
"536","Projects","","No open projects","","","Needs Greek","Please add/check Greek wording"
"537","Projects","","No photos from teams or areas yet.","Δεν υπάρχουν ακόμα photos from teams or areas.","","Proposal",""
"538","Projects","","No photos yet.","Δεν υπάρχουν ακόμα φωτογραφίες.","","Proposal",""
"539","Planner","","No planner access for this project","","","Needs Greek","Please add/check Greek wording"
"540","Projects","","No plans yet","Δεν υπάρχουν ακόμα plans.","","Proposal",""
"541","General","","No position","","","Needs Greek","Please add/check Greek wording"
"542","Team Members","","No project manager","","","Needs Greek","Please add/check Greek wording"
"543","General","","No reference","","","Needs Greek","Please add/check Greek wording"
"544","Team Members","","No selected members in the permission matrix.","","","Needs Greek","Please add/check Greek wording"
"545","General","","No Service Team selected","","","Needs Greek","Please add/check Greek wording"
"546","Projects","","No tasks yet","Δεν υπάρχουν ακόμα εργασίες.","","Proposal",""
"547","General","","No team linked yet","Δεν υπάρχουν ακόμα team linked.","","Proposal",""
"548","AI Assistant","","No teams available","","","Needs Greek","Please add/check Greek wording"
"549","Projects","","No teams planned","","","Needs Greek","Please add/check Greek wording"
"550","General","","No teams yet","Δεν υπάρχουν ακόμα ομάδες.","","Proposal",""
"551","General","","No teams yet.","Δεν υπάρχουν ακόμα ομάδες.","","Proposal",""
"552","General","","No telephone","","","Needs Greek","Please add/check Greek wording"
"553","General","","No telephone added","Δεν έχει προστεθεί τηλέφωνο","","Proposal",""
"554","General","","No text yet.","Δεν υπάρχουν ακόμα text.","","Proposal",""
"555","Team Members","","No users yet. Create the first admin or manager here.","","","Needs Greek","Please add/check Greek wording"
"556","Team Members","","No users yet. Create the first admin or manager on the left.","","","Needs Greek","Please add/check Greek wording"
"557","General","","No Viber room link saved yet.","Δεν υπάρχουν ακόμα Viber room link saved.","","Proposal",""
"558","General","","noopener,noreferrer","","","Needs Greek","Please add/check Greek wording"
"559","General","","Not assigned","","","Needs Greek","Please add/check Greek wording"
"560","Audit Log","","Not created","","","Needs Greek","Please add/check Greek wording"
"561","General","","Not Saved","","","Needs Greek","Please add/check Greek wording"
"562","Projects","","Note","","","Needs Greek","Please add/check Greek wording"
"563","Projects","","Note title","","","Needs Greek","Please add/check Greek wording"
"564","Projects","","note-item-image image-open-trigger","","","Needs Greek","Please add/check Greek wording"
"565","Projects","","Notes","Σημειώσεις","","Proposal",""
"566","General","","Notice","","","Needs Greek","Please add/check Greek wording"
"567","General","","Notifications","","","Needs Greek","Please add/check Greek wording"
"568","General","","OK","","","Needs Greek","Please add/check Greek wording"
"569","General","","Olive Studio","","","Needs Greek","Please add/check Greek wording"
"570","Clients","","Only admins can archive clients.","","","Needs Greek","Please add/check Greek wording"
"571","Equipment","","Only admins can create or edit equipment categories.","","","Needs Greek","Please add/check Greek wording"
"572","Equipment","","Only admins can edit equipment categories.","","","Needs Greek","Please add/check Greek wording"
"573","Team Members","","Only admins can edit the default permissions for each role.","","","Needs Greek","Please add/check Greek wording"
"574","Team Members","","Only admins can permanently delete archived projects.","","","Needs Greek","Please add/check Greek wording"
"575","Team Members","","Only admins can permanently delete Areas.","","","Needs Greek","Please add/check Greek wording"
"576","Clients","","Only admins can permanently delete clients.","","","Needs Greek","Please add/check Greek wording"
"577","Equipment","","Only admins can permanently delete equipment.","","","Needs Greek","Please add/check Greek wording"
"578","Team Members","","Only admins can permanently delete projects.","","","Needs Greek","Please add/check Greek wording"
"579","Team Members","","Only admins can permanently delete Service Teams.","","","Needs Greek","Please add/check Greek wording"
"580","Team Members","","Only admins can restore archived items.","","","Needs Greek","Please add/check Greek wording"
"581","Team Members","","Only admins can restore archived projects.","","","Needs Greek","Please add/check Greek wording"
"582","Team Members","","Only admins can restore archived Service Teams.","","","Needs Greek","Please add/check Greek wording"
"583","Team Members","","Only admins can view the full audit log.","","","Needs Greek","Please add/check Greek wording"
"584","Team Members","","Only admins or assigned managers can archive Areas.","","","Needs Greek","Please add/check Greek wording"
"585","Team Members","","Only admins or assigned managers can archive projects.","","","Needs Greek","Please add/check Greek wording"
"586","Team Members","","Only admins or assigned managers can archive Service Teams.","","","Needs Greek","Please add/check Greek wording"
"587","Clients","","Only admins or assigned managers can change the project client.","","","Needs Greek","Please add/check Greek wording"
"588","Team Members","","Only admins or assigned managers can configure project Viber room.","","","Needs Greek","Please add/check Greek wording"
"589","Team Members","","Only admins or assigned managers can connect Service Teams to Areas.","","","Needs Greek","Please add/check Greek wording"
"590","Team Members","","Only admins or assigned managers can connect Service Teams to items.","","","Needs Greek","Please add/check Greek wording"
"591","Team Members","","Only admins or assigned managers can create Areas.","","","Needs Greek","Please add/check Greek wording"
"592","Team Members","","Only admins or assigned managers can create Service Teams.","","","Needs Greek","Please add/check Greek wording"
"593","Team Members","","Only admins or assigned managers can create tasks for areas.","","","Needs Greek","Please add/check Greek wording"
"594","Team Members","","Only admins or assigned managers can create tasks.","","","Needs Greek","Please add/check Greek wording"
"595","Team Members","","Only admins or assigned managers can disconnect pictures from items.","","","Needs Greek","Please add/check Greek wording"
"596","Team Members","","Only admins or assigned managers can disconnect Service Teams from Areas.","","","Needs Greek","Please add/check Greek wording"
"597","Team Members","","Only admins or assigned managers can disconnect Service Teams from items.","","","Needs Greek","Please add/check Greek wording"
"598","Team Members","","Only admins or assigned managers can edit Areas.","","","Needs Greek","Please add/check Greek wording"
"599","Team Members","","Only admins or assigned managers can edit project setup.","","","Needs Greek","Please add/check Greek wording"
"600","Team Members","","Only admins or assigned managers can edit Service Teams.","","","Needs Greek","Please add/check Greek wording"
"601","Team Members","","Only admins or assigned managers can mark chat messages as important.","","","Needs Greek","Please add/check Greek wording"
"602","Team Members","","Only admins or assigned managers can restore archived Areas.","","","Needs Greek","Please add/check Greek wording"
"603","Team Members","","Only admins or assigned managers can restore archived plan items.","","","Needs Greek","Please add/check Greek wording"
"604","Team Members","","Only admins or assigned managers can save Areas.","","","Needs Greek","Please add/check Greek wording"
"605","Team Members","","Only admins or assigned managers can save Service Teams.","","","Needs Greek","Please add/check Greek wording"
"606","Team Members","","Only admins or assigned project managers can edit Plans.","","","Needs Greek","Please add/check Greek wording"
"607","Clients","","Only admins or managers can create or edit clients.","","","Needs Greek","Please add/check Greek wording"
"608","Clients","","Only admins or managers can edit clients.","","","Needs Greek","Please add/check Greek wording"
"609","Planner","","Only admins, developers, or assigned managers can change this planner entry.","","","Needs Greek","Please add/check Greek wording"
"610","Planner","","Only admins, developers, or assigned managers can delete this planner entry.","","","Needs Greek","Please add/check Greek wording"
"611","Planner","","Only admins, developers, or assigned managers can edit this planner entry.","","","Needs Greek","Please add/check Greek wording"
"612","Equipment","","Only admins, managers, or developers can archive equipment.","","","Needs Greek","Please add/check Greek wording"
"613","Equipment","","Only admins, managers, or developers can edit equipment.","","","Needs Greek","Please add/check Greek wording"
"614","Equipment","","Only admins, managers, or developers can restore equipment.","","","Needs Greek","Please add/check Greek wording"
"615","Equipment","","Only admins, managers, or developers can save equipment.","","","Needs Greek","Please add/check Greek wording"
"616","General","","Open","","","Needs Greek","Please add/check Greek wording"
"617","AI Assistant","","Open a project room, team room, or direct member chat. Attach pictures or files directly in the conversation.","","","Needs Greek","Please add/check Greek wording"
"618","Team Members","","Open a team to see members, linked areas, files, and progress.","","","Needs Greek","Please add/check Greek wording"
"619","Projects","","Open files and pictures from this area in one place.","","","Needs Greek","Please add/check Greek wording"
"620","General","","Open image preview","","","Needs Greek","Please add/check Greek wording"
"621","General","","Open menu","","","Needs Greek","Please add/check Greek wording"
"622","General","","Open Room","","","Needs Greek","Please add/check Greek wording"
"623","General","","Open Viber","","","Needs Greek","Please add/check Greek wording"
"624","General","","Orchid Ledger","","","Needs Greek","Please add/check Greek wording"
"625","General","","Palatino Linotype","","","Needs Greek","Please add/check Greek wording"
"626","General","","Palette","","","Needs Greek","Please add/check Greek wording"
"627","General","","Paused","","","Needs Greek","Please add/check Greek wording"
"628","General","","Peach Paper","","","Needs Greek","Please add/check Greek wording"
"629","General","","Permanent Delete","","","Needs Greek","Please add/check Greek wording"
"630","Team Members","","Permission Matrix","","","Needs Greek","Please add/check Greek wording"
"631","Team Members","","permission-cell permission-role-cell","","","Needs Greek","Please add/check Greek wording"
"632","Team Members","","permission-expand-card permission-role-defaults","","","Needs Greek","Please add/check Greek wording"
"633","Team Members","","permission-expand-card permission-user-matrix-card","","","Needs Greek","Please add/check Greek wording"
"634","Team Members","","permission-expand-summary permission-role-defaults-summary","","","Needs Greek","Please add/check Greek wording"
"635","Team Members","","permission-expand-summary permission-user-matrix-summary","","","Needs Greek","Please add/check Greek wording"
"636","Team Members","","permission-matrix-table permission-role-defaults-table","","","Needs Greek","Please add/check Greek wording"
"637","Team Members","","Permissions","","","Needs Greek","Please add/check Greek wording"
"638","General","","Phone missing or invalid (+43... format)","","","Needs Greek","Please add/check Greek wording"
"639","Projects","","Photo Captured","","","Needs Greek","Please add/check Greek wording"
"640","Projects","","Photo name","","","Needs Greek","Please add/check Greek wording"
"641","Projects","","Photo Upload","","","Needs Greek","Please add/check Greek wording"
"642","Projects","","Photo Uploaded","","","Needs Greek","Please add/check Greek wording"
"643","Projects","","photo-item-preview image-open-trigger","","","Needs Greek","Please add/check Greek wording"
"644","Projects","","Photos","Φωτογραφίες","","Proposal",""
"645","Projects","","Photos, Files, Notes","","","Needs Greek","Please add/check Greek wording"
"646","General","","Pi.AR","","","Needs Greek","Please add/check Greek wording"
"647","Projects","","Pick a free team and assign it to this project.","","","Needs Greek","Please add/check Greek wording"
"648","General","","Pick one of 20 ready-made combinations.","","","Needs Greek","Please add/check Greek wording"
"649","General","","Pics","","","Needs Greek","Please add/check Greek wording"
"650","General","","Picture","","","Needs Greek","Please add/check Greek wording"
"651","General","","Picture Disconnected From Item","","","Needs Greek","Please add/check Greek wording"
"652","General","","Picture group name (optional)","","","Needs Greek","Please add/check Greek wording"
"653","General","","Pine Ledger","","","Needs Greek","Please add/check Greek wording"
"654","Projects","","Plan Information","","","Needs Greek","Please add/check Greek wording"
"655","Planner","","Planner","Προγραμματισμός","","Proposal",""
"656","Planner","","Planner Assignment Created","","","Needs Greek","Please add/check Greek wording"
"657","Planner","","Planner Assignment Deleted","","","Needs Greek","Please add/check Greek wording"
"658","Planner","","Planner Assignment Updated","","","Needs Greek","Please add/check Greek wording"
"659","Projects","","Plans view","","","Needs Greek","Please add/check Greek wording"
"660","Projects","","Please add an Area name.","","","Needs Greek","Please add/check Greek wording"
"661","Equipment","","Please add an equipment name and choose a category.","","","Needs Greek","Please add/check Greek wording"
"662","Team Members","","Please choose a member and a due date for the task.","","","Needs Greek","Please add/check Greek wording"
"663","Projects","","Please choose a Service Team and a due date for the task.","","","Needs Greek","Please add/check Greek wording"
"664","Team Members","","Please choose a Service Team name and at least one team member.","","","Needs Greek","Please add/check Greek wording"
"665","Projects","","Please choose a team, a project, and a date.","","","Needs Greek","Please add/check Greek wording"
"666","Equipment","","Please enter a category name.","","","Needs Greek","Please add/check Greek wording"
"667","AI Assistant","","Please fill in name, surname, telephone number, and email before adding the member.","","","Needs Greek","Please add/check Greek wording"
"668","Projects","","Please give a name or select one area before continuing.","","","Needs Greek","Please add/check Greek wording"
"669","General","","Please name the picture before taking it.","","","Needs Greek","Please add/check Greek wording"
"670","AI Assistant","","Plum Draft","","","Needs Greek","Please add/check Greek wording"
"671","General","","Plumbing tools","","","Needs Greek","Please add/check Greek wording"
"672","General","","Preview","","","Needs Greek","Please add/check Greek wording"
"673","General","","Preview image","","","Needs Greek","Please add/check Greek wording"
"674","Projects","","primary-btn project-chat-send-btn","","","Needs Greek","Please add/check Greek wording"
"675","Projects","","progress-strip task-entry-photo-strip","","","Needs Greek","Please add/check Greek wording"
"676","Projects","","Project","Έργο","","Proposal",""
"677","AI Assistant","","Project and client details will appear here.","","","Needs Greek","Please add/check Greek wording"
"678","Audit Log","","Project Archived","","","Needs Greek","Please add/check Greek wording"
"679","Projects","","Project Call","","","Needs Greek","Please add/check Greek wording"
"680","Projects","","Project chat","","","Needs Greek","Please add/check Greek wording"
"681","Clients","","Project Client Updated","","","Needs Greek","Please add/check Greek wording"
"682","Projects","","Project Communication","","","Needs Greek","Please add/check Greek wording"
"683","Projects","","Project context","","","Needs Greek","Please add/check Greek wording"
"684","AI Assistant","","Project Details","","","Needs Greek","Please add/check Greek wording"
"685","Team Members","","Project manager","Υπεύθυνος έργου","","Proposal",""
"686","Team Members","","Project Manager Workspace","","","Needs Greek","Please add/check Greek wording"
"687","Projects","","Project name","Όνομα έργου","","Proposal",""
"688","Clients","","Project name, project manager, and client are required.","","","Needs Greek","Please add/check Greek wording"
"689","Audit Log","","Project Permanently Deleted","","","Needs Greek","Please add/check Greek wording"
"690","Audit Log","","Project Restored","","","Needs Greek","Please add/check Greek wording"
"691","Projects","","Project Room","","","Needs Greek","Please add/check Greek wording"
"692","Projects","","Project Saved","","","Needs Greek","Please add/check Greek wording"
"693","Projects","","Project Setup","Ρύθμιση έργου","","Proposal",""
"694","Projects","","Project status","Κατάσταση έργου","","Proposal",""
"695","Projects","","Project Tasks","","","Needs Greek","Please add/check Greek wording"
"696","Audit Log","","Project Updated","","","Needs Greek","Please add/check Greek wording"
"697","Audit Log","","Project Viber Room Updated","","","Needs Greek","Please add/check Greek wording"
"698","Projects","","Project workspace style","","","Needs Greek","Please add/check Greek wording"
"699","AI Assistant","","project-chat-draft-preview hidden","","","Needs Greek","Please add/check Greek wording"
"700","Projects","","project-color-swatch service-team-color-swatch","","","Needs Greek","Please add/check Greek wording"
"701","Projects","","Projects","Έργα","","Proposal",""
"702","General","","Quick Add","","","Needs Greek","Please add/check Greek wording"
"703","General","","Quick comments tied to this Service Team.","","","Needs Greek","Please add/check Greek wording"
"704","Projects","","Quick task overview for the current project.","","","Needs Greek","Please add/check Greek wording"
"705","General","","ready over","","","Needs Greek","Please add/check Greek wording"
"706","General","","Real live team calls need backend/WebRTC integration. The chat workspace is ready for that next step.","","","Needs Greek","Please add/check Greek wording"
"707","Projects","","Real live video calls for a whole project or team need backend/WebRTC integration. The chat workspace is ready for that next step.","","","Needs Greek","Please add/check Greek wording"
"708","Projects","","Reduce project panels","","","Needs Greek","Please add/check Greek wording"
"709","General","","Reference / ID","","","Needs Greek","Please add/check Greek wording"
"710","General","","Remove","","","Needs Greek","Please add/check Greek wording"
"711","General","","Reopen Works","","","Needs Greek","Please add/check Greek wording"
"712","Clients","","Responsible","","","Needs Greek","Please add/check Greek wording"
"713","Clients","","Responsible Persons","","","Needs Greek","Please add/check Greek wording"
"714","General","","rgba(102, 151, 173, 0.42)","","","Needs Greek","Please add/check Greek wording"
"715","General","","rgba(112, 119, 125, 0.42)","","","Needs Greek","Please add/check Greek wording"
"716","General","","rgba(112, 132, 148, 0.42)","","","Needs Greek","Please add/check Greek wording"
"717","General","","rgba(116, 121, 134, 0.42)","","","Needs Greek","Please add/check Greek wording"
"718","General","","rgba(13, 122, 115, 0.12)","","","Needs Greek","Please add/check Greek wording"
"719","General","","rgba(133, 155, 58, 0.14)","","","Needs Greek","Please add/check Greek wording"
"720","General","","rgba(138, 105, 145, 0.42)","","","Needs Greek","Please add/check Greek wording"
"721","General","","rgba(141, 160, 84, 0.42)","","","Needs Greek","Please add/check Greek wording"
"722","General","","rgba(142, 92, 152, 0.14)","","","Needs Greek","Please add/check Greek wording"
"723","General","","rgba(142, 99, 185, 0.14)","","","Needs Greek","Please add/check Greek wording"
"724","General","","rgba(149, 112, 186, 0.42)","","","Needs Greek","Please add/check Greek wording"
"725","General","","rgba(155, 107, 71, 0.14)","","","Needs Greek","Please add/check Greek wording"
"726","General","","rgba(161, 121, 92, 0.44)","","","Needs Greek","Please add/check Greek wording"
"727","General","","rgba(168, 100, 148, 0.42)","","","Needs Greek","Please add/check Greek wording"
"728","General","","rgba(178, 77, 147, 0.14)","","","Needs Greek","Please add/check Greek wording"
"729","General","","rgba(192, 103, 134, 0.14)","","","Needs Greek","Please add/check Greek wording"
"730","General","","rgba(192, 118, 144, 0.42)","","","Needs Greek","Please add/check Greek wording"
"731","General","","rgba(198, 117, 82, 0.46)","","","Needs Greek","Please add/check Greek wording"
"732","General","","rgba(199, 106, 61, 0.14)","","","Needs Greek","Please add/check Greek wording"
"733","General","","rgba(200, 117, 96, 0.42)","","","Needs Greek","Please add/check Greek wording"
"734","General","","rgba(202, 162, 84, 0.42)","","","Needs Greek","Please add/check Greek wording"
"735","General","","rgba(208, 146, 96, 0.5)","","","Needs Greek","Please add/check Greek wording"
"736","General","","rgba(208, 154, 47, 0.14)","","","Needs Greek","Please add/check Greek wording"
"737","General","","rgba(209, 110, 85, 0.14)","","","Needs Greek","Please add/check Greek wording"
"738","General","","rgba(216, 151, 113, 0.42)","","","Needs Greek","Please add/check Greek wording"
"739","General","","rgba(219, 139, 93, 0.14)","","","Needs Greek","Please add/check Greek wording"
"740","General","","rgba(226, 241, 243, 0.84)","","","Needs Greek","Please add/check Greek wording"
"741","General","","rgba(227, 243, 245, 0.82)","","","Needs Greek","Please add/check Greek wording"
"742","General","","rgba(227, 244, 237, 0.82)","","","Needs Greek","Please add/check Greek wording"
"743","General","","rgba(228, 243, 237, 0.84)","","","Needs Greek","Please add/check Greek wording"
"744","General","","rgba(229, 241, 247, 0.82)","","","Needs Greek","Please add/check Greek wording"
"745","General","","rgba(230, 239, 233, 0.84)","","","Needs Greek","Please add/check Greek wording"
"746","General","","rgba(230, 241, 232, 0.82)","","","Needs Greek","Please add/check Greek wording"
"747","General","","rgba(231, 240, 235, 0.82)","","","Needs Greek","Please add/check Greek wording"
"748","General","","rgba(231, 242, 248, 0.84)","","","Needs Greek","Please add/check Greek wording"
"749","General","","rgba(232, 236, 247, 0.82)","","","Needs Greek","Please add/check Greek wording"
"750","General","","rgba(232, 237, 242, 0.82)","","","Needs Greek","Please add/check Greek wording"
"751","General","","rgba(232, 237, 246, 0.84)","","","Needs Greek","Please add/check Greek wording"
"752","General","","rgba(232, 237, 247, 0.84)","","","Needs Greek","Please add/check Greek wording"
"753","General","","rgba(232, 244, 250, 0.82)","","","Needs Greek","Please add/check Greek wording"
"754","General","","rgba(233, 235, 236, 0.84)","","","Needs Greek","Please add/check Greek wording"
"755","General","","rgba(233, 238, 243, 0.84)","","","Needs Greek","Please add/check Greek wording"
"756","General","","rgba(233, 238, 247, 0.82)","","","Needs Greek","Please add/check Greek wording"
"757","General","","rgba(233, 244, 248, 0.84)","","","Needs Greek","Please add/check Greek wording"
"758","General","","rgba(234, 235, 238, 0.84)","","","Needs Greek","Please add/check Greek wording"
"759","General","","rgba(234, 243, 233, 0.84)","","","Needs Greek","Please add/check Greek wording"
"760","General","","rgba(235, 237, 238, 0.82)","","","Needs Greek","Please add/check Greek wording"
"761","General","","rgba(236, 237, 240, 0.82)","","","Needs Greek","Please add/check Greek wording"
"762","General","","rgba(236, 241, 224, 0.84)","","","Needs Greek","Please add/check Greek wording"
"763","General","","rgba(237, 242, 225, 0.82)","","","Needs Greek","Please add/check Greek wording"
"764","General","","rgba(237, 249, 250, 0.88)","","","Needs Greek","Please add/check Greek wording"
"765","General","","rgba(239, 246, 244, 0.78)","","","Needs Greek","Please add/check Greek wording"
"766","General","","rgba(239, 249, 245, 0.88)","","","Needs Greek","Please add/check Greek wording"
"767","General","","rgba(240, 232, 240, 0.82)","","","Needs Greek","Please add/check Greek wording"
"768","General","","rgba(240, 232, 240, 0.84)","","","Needs Greek","Please add/check Greek wording"
"769","General","","rgba(240, 233, 248, 0.82)","","","Needs Greek","Please add/check Greek wording"
"770","General","","rgba(240, 247, 242, 0.88)","","","Needs Greek","Please add/check Greek wording"
"771","General","","rgba(241, 233, 247, 0.84)","","","Needs Greek","Please add/check Greek wording"
"772","General","","rgba(241, 244, 252, 0.88)","","","Needs Greek","Please add/check Greek wording"
"773","General","","rgba(241, 245, 252, 0.88)","","","Needs Greek","Please add/check Greek wording"
"774","General","","rgba(241, 248, 251, 0.88)","","","Needs Greek","Please add/check Greek wording"
"775","General","","rgba(241, 249, 253, 0.88)","","","Needs Greek","Please add/check Greek wording"
"776","General","","rgba(242, 246, 249, 0.88)","","","Needs Greek","Please add/check Greek wording"
"777","General","","rgba(243, 245, 245, 0.88)","","","Needs Greek","Please add/check Greek wording"
"778","General","","rgba(243, 249, 242, 0.88)","","","Needs Greek","Please add/check Greek wording"
"779","General","","rgba(244, 235, 227, 0.82)","","","Needs Greek","Please add/check Greek wording"
"780","General","","rgba(244, 236, 229, 0.84)","","","Needs Greek","Please add/check Greek wording"
"781","General","","rgba(245, 232, 243, 0.84)","","","Needs Greek","Please add/check Greek wording"
"782","General","","rgba(245, 246, 248, 0.88)","","","Needs Greek","Please add/check Greek wording"
"783","General","","rgba(246, 232, 243, 0.82)","","","Needs Greek","Please add/check Greek wording"
"784","General","","rgba(246, 238, 216, 0.84)","","","Needs Greek","Please add/check Greek wording"
"785","General","","rgba(246, 249, 238, 0.88)","","","Needs Greek","Please add/check Greek wording"
"786","General","","rgba(246, 253, 253, 0.88)","","","Needs Greek","Please add/check Greek wording"
"787","General","","rgba(247, 232, 238, 0.82)","","","Needs Greek","Please add/check Greek wording"
"788","General","","rgba(247, 232, 238, 0.84)","","","Needs Greek","Please add/check Greek wording"
"789","General","","rgba(247, 234, 229, 0.84)","","","Needs Greek","Please add/check Greek wording"
"790","General","","rgba(247, 239, 219, 0.82)","","","Needs Greek","Please add/check Greek wording"
"791","General","","rgba(247, 253, 250, 0.88)","","","Needs Greek","Please add/check Greek wording"
"792","General","","rgba(248, 235, 231, 0.82)","","","Needs Greek","Please add/check Greek wording"
"793","General","","rgba(248, 236, 228, 0.84)","","","Needs Greek","Please add/check Greek wording"
"794","General","","rgba(248, 243, 248, 0.88)","","","Needs Greek","Please add/check Greek wording"
"795","General","","rgba(248, 243, 252, 0.88)","","","Needs Greek","Please add/check Greek wording"
"796","General","","rgba(248, 252, 249, 0.88)","","","Needs Greek","Please add/check Greek wording"
"797","General","","rgba(248, 252, 255, 0.88)","","","Needs Greek","Please add/check Greek wording"
"798","General","","rgba(249, 236, 226, 0.8)","","","Needs Greek","Please add/check Greek wording"
"799","General","","rgba(249, 250, 255, 0.88)","","","Needs Greek","Please add/check Greek wording"
"800","General","","rgba(249, 251, 253, 0.88)","","","Needs Greek","Please add/check Greek wording"
"801","General","","rgba(249, 251, 255, 0.88)","","","Needs Greek","Please add/check Greek wording"
"802","General","","rgba(249, 253, 248, 0.88)","","","Needs Greek","Please add/check Greek wording"
"803","General","","rgba(249, 253, 255, 0.88)","","","Needs Greek","Please add/check Greek wording"
"804","General","","rgba(250, 239, 232, 0.82)","","","Needs Greek","Please add/check Greek wording"
"805","General","","rgba(251, 252, 252, 0.88)","","","Needs Greek","Please add/check Greek wording"
"806","General","","rgba(252, 239, 229, 0.84)","","","Needs Greek","Please add/check Greek wording"
"807","General","","rgba(252, 242, 246, 0.88)","","","Needs Greek","Please add/check Greek wording"
"808","General","","rgba(252, 242, 250, 0.88)","","","Needs Greek","Please add/check Greek wording"
"809","General","","rgba(252, 246, 240, 0.88)","","","Needs Greek","Please add/check Greek wording"
"810","General","","rgba(252, 247, 236, 0.88)","","","Needs Greek","Please add/check Greek wording"
"811","General","","rgba(252, 249, 252, 0.88)","","","Needs Greek","Please add/check Greek wording"
"812","General","","rgba(252, 249, 255, 0.88)","","","Needs Greek","Please add/check Greek wording"
"813","General","","rgba(252, 252, 253, 0.88)","","","Needs Greek","Please add/check Greek wording"
"814","General","","rgba(252, 253, 247, 0.88)","","","Needs Greek","Please add/check Greek wording"
"815","General","","rgba(253, 243, 240, 0.88)","","","Needs Greek","Please add/check Greek wording"
"816","General","","rgba(254, 246, 241, 0.88)","","","Needs Greek","Please add/check Greek wording"
"817","General","","rgba(255, 247, 240, 0.88)","","","Needs Greek","Please add/check Greek wording"
"818","General","","rgba(255, 249, 247, 0.88)","","","Needs Greek","Please add/check Greek wording"
"819","General","","rgba(255, 249, 251, 0.88)","","","Needs Greek","Please add/check Greek wording"
"820","General","","rgba(255, 249, 254, 0.88)","","","Needs Greek","Please add/check Greek wording"
"821","General","","rgba(255, 250, 242, 0.82)","","","Needs Greek","Please add/check Greek wording"
"822","General","","rgba(255, 250, 245, 0.88)","","","Needs Greek","Please add/check Greek wording"
"823","General","","rgba(255, 251, 247, 0.88)","","","Needs Greek","Please add/check Greek wording"
"824","General","","rgba(255, 251, 248, 0.88)","","","Needs Greek","Please add/check Greek wording"
"825","General","","rgba(255, 252, 246, 0.88)","","","Needs Greek","Please add/check Greek wording"
"826","General","","rgba(255, 252, 247, 0.86)","","","Needs Greek","Please add/check Greek wording"
"827","General","","rgba(255, 255, 255, 0.16)","","","Needs Greek","Please add/check Greek wording"
"828","General","","rgba(255, 255, 255, 0.26)","","","Needs Greek","Please add/check Greek wording"
"829","General","","rgba(30, 44, 52, 0.12)","","","Needs Greek","Please add/check Greek wording"
"830","General","","rgba(31, 149, 160, 0.14)","","","Needs Greek","Please add/check Greek wording"
"831","General","","rgba(31, 42, 42, 0.12)","","","Needs Greek","Please add/check Greek wording"
"832","General","","rgba(32, 39, 61, 0.12)","","","Needs Greek","Please add/check Greek wording"
"833","General","","rgba(32, 48, 40, 0.12)","","","Needs Greek","Please add/check Greek wording"
"834","General","","rgba(32, 49, 61, 0.12)","","","Needs Greek","Please add/check Greek wording"
"835","General","","rgba(32, 50, 45, 0.12)","","","Needs Greek","Please add/check Greek wording"
"836","General","","rgba(32, 50, 54, 0.12)","","","Needs Greek","Please add/check Greek wording"
"837","General","","rgba(33, 40, 44, 0.12)","","","Needs Greek","Please add/check Greek wording"
"838","General","","rgba(34, 48, 38, 0.12)","","","Needs Greek","Please add/check Greek wording"
"839","General","","rgba(34, 48, 58, 0.12)","","","Needs Greek","Please add/check Greek wording"
"840","General","","rgba(35, 43, 59, 0.12)","","","Needs Greek","Please add/check Greek wording"
"841","General","","rgba(36, 40, 49, 0.12)","","","Needs Greek","Please add/check Greek wording"
"842","General","","rgba(43, 122, 154, 0.14)","","","Needs Greek","Please add/check Greek wording"
"843","General","","rgba(43, 36, 50, 0.12)","","","Needs Greek","Please add/check Greek wording"
"844","General","","rgba(43, 49, 32, 0.12)","","","Needs Greek","Please add/check Greek wording"
"845","General","","rgba(45, 38, 31, 0.12)","","","Needs Greek","Please add/check Greek wording"
"846","General","","rgba(46, 37, 48, 0.12)","","","Needs Greek","Please add/check Greek wording"
"847","General","","rgba(47, 165, 127, 0.14)","","","Needs Greek","Please add/check Greek wording"
"848","General","","rgba(48, 35, 31, 0.12)","","","Needs Greek","Please add/check Greek wording"
"849","General","","rgba(51, 35, 50, 0.12)","","","Needs Greek","Please add/check Greek wording"
"850","General","","rgba(51, 41, 24, 0.12)","","","Needs Greek","Please add/check Greek wording"
"851","General","","rgba(52, 37, 43, 0.12)","","","Needs Greek","Please add/check Greek wording"
"852","General","","rgba(52, 39, 34, 0.12)","","","Needs Greek","Please add/check Greek wording"
"853","General","","rgba(52, 42, 35, 0.12)","","","Needs Greek","Please add/check Greek wording"
"854","General","","rgba(60, 140, 197, 0.14)","","","Needs Greek","Please add/check Greek wording"
"855","General","","rgba(61, 122, 96, 0.14)","","","Needs Greek","Please add/check Greek wording"
"856","General","","rgba(69, 106, 194, 0.14)","","","Needs Greek","Please add/check Greek wording"
"857","General","","rgba(74, 90, 100, 0.14)","","","Needs Greek","Please add/check Greek wording"
"858","General","","rgba(75, 112, 143, 0.14)","","","Needs Greek","Please add/check Greek wording"
"859","General","","rgba(75, 98, 179, 0.14)","","","Needs Greek","Please add/check Greek wording"
"860","General","","rgba(77, 124, 103, 0.42)","","","Needs Greek","Please add/check Greek wording"
"861","General","","rgba(78, 160, 168, 0.42)","","","Needs Greek","Please add/check Greek wording"
"862","General","","rgba(79, 138, 92, 0.14)","","","Needs Greek","Please add/check Greek wording"
"863","General","","rgba(89, 136, 97, 0.44)","","","Needs Greek","Please add/check Greek wording"
"864","General","","rgba(92, 117, 176, 0.42)","","","Needs Greek","Please add/check Greek wording"
"865","General","","rgba(92, 164, 139, 0.42)","","","Needs Greek","Please add/check Greek wording"
"866","General","","rgba(93, 150, 197, 0.42)","","","Needs Greek","Please add/check Greek wording"
"867","General","","rgba(94, 102, 120, 0.14)","","","Needs Greek","Please add/check Greek wording"
"868","General","","rgba(94, 110, 170, 0.42)","","","Needs Greek","Please add/check Greek wording"
"869","Team Members","","Role Permission Template Updated","","","Needs Greek","Please add/check Greek wording"
"870","Team Members","","Role Permission Templates","","","Needs Greek","Please add/check Greek wording"
"871","Team Members","","Role Permissions","","","Needs Greek","Please add/check Greek wording"
"872","General","","Room id","","","Needs Greek","Please add/check Greek wording"
"873","General","","Room link","","","Needs Greek","Please add/check Greek wording"
"874","General","","Room status","","","Needs Greek","Please add/check Greek wording"
"875","General","","Rose Office","","","Needs Greek","Please add/check Greek wording"
"876","General","","Sandstone Calm","","","Needs Greek","Please add/check Greek wording"
"877","General","","Save","Αποθήκευση","","Proposal",""
"878","Planner","","Save assignment","Αποθήκευση assignment","","Proposal",""
"879","Equipment","","Save category","Αποθήκευση κατηγορία","","Proposal",""
"880","General","","Save changes","Αποθήκευση αλλαγών","","Proposal",""
"881","Clients","","Save client","Αποθήκευση πελάτης","","Proposal",""
"882","General","","Save comment","Αποθήκευση comment","","Proposal",""
"883","Equipment","","Save equipment","Αποθήκευση εξοπλισμός","","Proposal",""
"884","Projects","","Save project","Αποθήκευση έργου","","Proposal",""
"885","Projects","","Save task","Αποθήκευση εργασία","","Proposal",""
"886","Projects","","Save the Service Team first to add notes, files, or photos.","Αποθήκευση the Service Team first to add notes, files, or photos.","","Proposal",""
"887","General","","Schedule Team","","","Needs Greek","Please add/check Greek wording"
"888","General","","Search","Αναζήτηση","","Proposal",""
"889","General","","secondary-btn add-plus-btn","","","Needs Greek","Please add/check Greek wording"
"890","General","","Section view","","","Needs Greek","Please add/check Greek wording"
"891","General","","segmented-toggle inline-section-view-toggle","","","Needs Greek","Please add/check Greek wording"
"892","Projects","","segmented-toggle inline-section-view-toggle area-scope-toggle","","","Needs Greek","Please add/check Greek wording"
"893","General","","Segoe UI","","","Needs Greek","Please add/check Greek wording"
"894","Equipment","","Select a category to filter the list. Admin can create or edit categories here.","","","Needs Greek","Please add/check Greek wording"
"895","AI Assistant","","Select a client on the left to open the details.","","","Needs Greek","Please add/check Greek wording"
"896","AI Assistant","","Select a member on the left to open the details.","","","Needs Greek","Please add/check Greek wording"
"897","Projects","","Select an area tab to open Notes, Files, and Photos.","","","Needs Greek","Please add/check Greek wording"
"898","AI Assistant","","Select equipment on the left to open the details.","","","Needs Greek","Please add/check Greek wording"
"899","Team Members","","Select one or more members. Use Position and Experience to filter the list.","","","Needs Greek","Please add/check Greek wording"
"900","Projects","","Select photos","","","Needs Greek","Please add/check Greek wording"
"901","General","","Select pic","","","Needs Greek","Please add/check Greek wording"
"902","General","","selected team","","","Needs Greek","Please add/check Greek wording"
"903","General","","Service Team","","","Needs Greek","Please add/check Greek wording"
"904","Audit Log","","Service Team Archived","","","Needs Greek","Please add/check Greek wording"
"905","Audit Log","","Service Team Created","","","Needs Greek","Please add/check Greek wording"
"906","Projects","","Service Team Disconnected From Area","","","Needs Greek","Please add/check Greek wording"
"907","General","","Service Team Disconnected From Item","","","Needs Greek","Please add/check Greek wording"
"908","Projects","","Service Team Linked To Area","","","Needs Greek","Please add/check Greek wording"
"909","General","","Service Team Linked To Item","","","Needs Greek","Please add/check Greek wording"
"910","General","","Service Team name","","","Needs Greek","Please add/check Greek wording"
"911","Audit Log","","Service Team Permanently Deleted","","","Needs Greek","Please add/check Greek wording"
"912","Audit Log","","Service Team Restored","","","Needs Greek","Please add/check Greek wording"
"913","Audit Log","","Service Team Updated","","","Needs Greek","Please add/check Greek wording"
"914","General","","Session User Changed","","","Needs Greek","Please add/check Greek wording"
"915","General","","Set Completed","","","Needs Greek","Please add/check Greek wording"
"916","Audit Log","","Show Archived","Εμφάνιση αρχειοθετημένων","","Proposal",""
"917","Audit Log","","Show archived elements","Εμφάνιση αρχειοθετημένων στοιχείων","","Proposal",""
"918","Projects","","Show original file name","","","Needs Greek","Please add/check Greek wording"
"919","General","","Show users in matrix","","","Needs Greek","Please add/check Greek wording"
"920","Projects","","Site snapshots and proof photos.","","","Needs Greek","Please add/check Greek wording"
"921","General","","Size","","","Needs Greek","Please add/check Greek wording"
"922","General","","Skyline Work","","","Needs Greek","Please add/check Greek wording"
"923","General","","Slate Studio","","","Needs Greek","Please add/check Greek wording"
"924","General","","Sort: Team","","","Needs Greek","Please add/check Greek wording"
"925","General","","Sort: Upload time","","","Needs Greek","Please add/check Greek wording"
"926","AI Assistant","","Speak in Greek. Finish with the magic words ""Ready over"" so I know your speech is ready.","","","Needs Greek","Please add/check Greek wording"
"927","AI Assistant","","Speech Parsed","","","Needs Greek","Please add/check Greek wording"
"928","AI Assistant","","Speech recognition is not supported in this browser.","","","Needs Greek","Please add/check Greek wording"
"929","General","","Start","Έναρξη","","Proposal",""
"930","General","","Start date","Ημερομηνία έναρξης","","Proposal",""
"931","General","","Start listening","","","Needs Greek","Please add/check Greek wording"
"932","Team Members","","Start with Team Members, create the first admin or manager, then add the first project.","","","Needs Greek","Please add/check Greek wording"
"933","General","","Started","","","Needs Greek","Please add/check Greek wording"
"934","General","","Status","Κατάσταση","","Proposal",""
"935","Projects","","Store contracts, drawings, notes, and pictures for this project here.","","","Needs Greek","Please add/check Greek wording"
"936","General","","Surname","","","Needs Greek","Please add/check Greek wording"
"937","General","","Tahoma, sans-serif","","","Needs Greek","Please add/check Greek wording"
"938","Projects","","Take Photo","","","Needs Greek","Please add/check Greek wording"
"939","General","","Take pic","","","Needs Greek","Please add/check Greek wording"
"940","Audit Log","","Task Created","","","Needs Greek","Please add/check Greek wording"
"941","Projects","","Task Saved","","","Needs Greek","Please add/check Greek wording"
"942","Projects","","Task title","","","Needs Greek","Please add/check Greek wording"
"943","Projects","","Tasks","Εργασίες","","Proposal",""
"944","Projects","","Tasks are limited","","","Needs Greek","Please add/check Greek wording"
"945","Projects","","Tasks for the currently selected project","","","Needs Greek","Please add/check Greek wording"
"946","General","","Team","","","Needs Greek","Please add/check Greek wording"
"947","General","","Team Call","","","Needs Greek","Please add/check Greek wording"
"948","General","","Team Color","","","Needs Greek","Please add/check Greek wording"
"949","Team Members","","Team member","","","Needs Greek","Please add/check Greek wording"
"950","Team Members","","Team Members","Μέλη ομάδας","","Proposal",""
"951","General","","Team Scheduling","","","Needs Greek","Please add/check Greek wording"
"952","General","","Tel","Τηλέφωνο","","Proposal",""
"953","General","","Telephone","","","Needs Greek","Please add/check Greek wording"
"954","AI Assistant","","text/plain","","","Needs Greek","Please add/check Greek wording"
"955","General","","text/service-team-id","","","Needs Greek","Please add/check Greek wording"
"956","General","","The quick brown fox jumps over the lazy dog. 1234567890","","","Needs Greek","Please add/check Greek wording"
"957","Projects","","The selected project is not open on this date.","","","Needs Greek","Please add/check Greek wording"
"958","Settings","","Theme","","","Needs Greek","Please add/check Greek wording"
"959","Settings","","Theme Studio","","","Needs Greek","Please add/check Greek wording"
"960","Projects","","There are no active projects for this date.","","","Needs Greek","Please add/check Greek wording"
"961","Projects","","There are no active projects for this day.","","","Needs Greek","Please add/check Greek wording"
"962","Audit Log","","this archived project","","","Needs Greek","Please add/check Greek wording"
"963","Equipment","","this category","","","Needs Greek","Please add/check Greek wording"
"964","Equipment","","This equipment category already exists.","","","Needs Greek","Please add/check Greek wording"
"965","Projects","","This message is already copied into Notes.","","","Needs Greek","Please add/check Greek wording"
"966","General","","This team already has saved content. You cannot delete it permanently, but you can make it inactive.","","","Needs Greek","Please add/check Greek wording"
"967","Planner","","This team is already planned in another project during that time.","","","Needs Greek","Please add/check Greek wording"
"968","Planner","","This Week","","","Needs Greek","Please add/check Greek wording"
"969","Projects","","Tick one or more areas to connect uploaded photos with parts of the project.","","","Needs Greek","Please add/check Greek wording"
"970","General","","Times New Roman","","","Needs Greek","Please add/check Greek wording"
"971","General","","Today","Σήμερα","","Proposal",""
"972","General","","toggle-icon toggle-icon-grid","","","Needs Greek","Please add/check Greek wording"
"973","General","","toggle-icon toggle-icon-list","","","Needs Greek","Please add/check Greek wording"
"974","Audit Log","","Track who changed what, when they did it, and whether it was archived, restored, or permanently deleted.","","","Needs Greek","Please add/check Greek wording"
"975","General","","Trebuchet MS","","","Needs Greek","Please add/check Greek wording"
"976","General","","Typography","","","Needs Greek","Please add/check Greek wording"
"977","Clients","","UID","","","Needs Greek","Please add/check Greek wording"
"978","Clients","","UID Number","","","Needs Greek","Please add/check Greek wording"
"979","General","","Unknown user","","","Needs Greek","Please add/check Greek wording"
"980","Projects","","Unnamed area","","","Needs Greek","Please add/check Greek wording"
"981","Clients","","Unnamed client","","","Needs Greek","Please add/check Greek wording"
"982","General","","Unnamed person","","","Needs Greek","Please add/check Greek wording"
"983","General","","Unnamed team","","","Needs Greek","Please add/check Greek wording"
"984","General","","Untitled comment","","","Needs Greek","Please add/check Greek wording"
"985","Projects","","Untitled file","","","Needs Greek","Please add/check Greek wording"
"986","General","","Untitled item","","","Needs Greek","Please add/check Greek wording"
"987","Projects","","Untitled project","","","Needs Greek","Please add/check Greek wording"
"988","Projects","","Untitled task","","","Needs Greek","Please add/check Greek wording"
"989","Projects","","Update task status: Open, Started, Paused, or Done","","","Needs Greek","Please add/check Greek wording"
"990","Projects","","Upload files and photos","","","Needs Greek","Please add/check Greek wording"
"991","General","","Upload PDFs, docs, and reference images.","","","Needs Greek","Please add/check Greek wording"
"992","Projects","","Upload Photos","","","Needs Greek","Please add/check Greek wording"
"993","General","","Upload Pictures","","","Needs Greek","Please add/check Greek wording"
"994","Projects","","Upload project or contract-related pictures here.","","","Needs Greek","Please add/check Greek wording"
"995","Projects","","Upload project plans, PDFs, contracts, or reference files here.","","","Needs Greek","Please add/check Greek wording"
"996","Projects","","Use real dates to keep free teams at the top and assign them into open projects below.","","","Needs Greek","Please add/check Greek wording"
"997","AI Assistant","","Use the + button in the left Teams rail to create a new team. Open a team here to see members, linked areas, files, and progress.","","","Needs Greek","Please add/check Greek wording"
"998","AI Assistant","","Use transcript and summary","","","Needs Greek","Please add/check Greek wording"
"999","General","","User","Χρήστης","","Proposal",""
"1000","Audit Log","","User login","","","Needs Greek","Please add/check Greek wording"
"1001","Team Members","","User type","","","Needs Greek","Please add/check Greek wording"
"1002","General","","Users","","","Needs Greek","Please add/check Greek wording"
"1003","General","","Verdana, sans-serif","","","Needs Greek","Please add/check Greek wording"
"1004","General","","Very Large","","","Needs Greek","Please add/check Greek wording"
"1005","General","","Very Small","","","Needs Greek","Please add/check Greek wording"
"1006","General","","Viber Creating","","","Needs Greek","Please add/check Greek wording"
"1007","AI Assistant","","Viber Failed","","","Needs Greek","Please add/check Greek wording"
"1008","General","","Viber Room","","","Needs Greek","Please add/check Greek wording"
"1009","Settings","","Viber room settings saved for this project.","","","Needs Greek","Please add/check Greek wording"
"1010","General","","Video Call","","","Needs Greek","Please add/check Greek wording"
"1011","Projects","","View all project tasks","","","Needs Greek","Please add/check Greek wording"
"1012","Projects","","View own assigned tasks","","","Needs Greek","Please add/check Greek wording"
"1013","Planner","","Week","Εβδομάδα","","Proposal",""
"1014","General","","What do you want to add?","","","Needs Greek","Please add/check Greek wording"
"1015","Projects","","Where (Area)","","","Needs Greek","Please add/check Greek wording"
"1016","Clients","","Work with clients in one combined workspace. The selected client opens directly inside the same flow.","","","Needs Greek","Please add/check Greek wording"
"1017","General","","Workspace color","Χρώμα χώρου εργασίας","","Proposal",""
"1018","General","","Workspace preview","Προεπισκόπηση χώρου εργασίας","","Proposal",""
"1019","General","","workspace-tab add-tab","","","Needs Greek","Please add/check Greek wording"
"1020","AI Assistant","","workspace-tab project-details-area-tab","","","Needs Greek","Please add/check Greek wording"
"1021","AI Assistant","","workspace-tab project-details-team-tab","","","Needs Greek","Please add/check Greek wording"
"1022","Projects","","Write a message or attach at least one file.","","","Needs Greek","Please add/check Greek wording"
"1023","General","","Yes","","","Needs Greek","Please add/check Greek wording"
"1024","Team Members","","You can delete only items you created. Other deletes are admin-only.","","","Needs Greek","Please add/check Greek wording"
"1025","Projects","","You can read messages, but you cannot send in this project.","","","Needs Greek","Please add/check Greek wording"
"1026","Team Members","","You cannot change the permissions for your current role.","","","Needs Greek","Please add/check Greek wording"
"1027","Team Members","","You cannot change your own permissions.","","","Needs Greek","Please add/check Greek wording"
"1028","Team Members","","You cannot change your own role.","","","Needs Greek","Please add/check Greek wording"
"1029","Team Members","","You cannot change your own user type.","","","Needs Greek","Please add/check Greek wording"
"1030","General","","You cannot deactivate your own account.","","","Needs Greek","Please add/check Greek wording"
"1031","General","","You cannot permanently delete your own account.","","","Needs Greek","Please add/check Greek wording"
"1032","General","","You do not have access to add comments here.","Δεν έχετε πρόσβαση για να add comments here..","","Proposal",""
"1033","Projects","","You do not have access to add comments in this area.","Δεν έχετε πρόσβαση για να add comments in this area..","","Proposal",""
"1034","Projects","","You do not have access to add files or photos in this project.","Δεν έχετε πρόσβαση για να add files or photos in this project..","","Proposal",""
"1035","Projects","","You do not have access to add files or photos in this service team.","Δεν έχετε πρόσβαση για να add files or photos in this service team..","","Proposal",""
"1036","Projects","","You do not have access to add notes in this service team.","Δεν έχετε πρόσβαση για να add notes in this service team..","","Proposal",""
"1037","Projects","","You do not have access to add photos here.","Δεν έχετε πρόσβαση για να add photos here..","","Proposal",""
"1038","Projects","","You do not have access to save camera photos here.","Δεν έχετε πρόσβαση για να save camera photos here..","","Proposal",""
"1039","General","","You do not have access to save comments here.","Δεν έχετε πρόσβαση για να save comments here..","","Proposal",""
"1040","Projects","","You do not have access to upload files here.","Δεν έχετε πρόσβαση για να upload files here..","","Proposal",""
"1041","Projects","","You do not have access to upload files or pictures here.","Δεν έχετε πρόσβαση για να upload files or pictures here..","","Proposal",""
"1042","Projects","","You do not have access to use the project camera upload here.","Δεν έχετε πρόσβαση για να use the project camera upload here..","","Proposal",""
"1043","Team Members","","You do not have permission to archive this item.","Δεν έχετε δικαίωμα να archive this item..","","Proposal",""
"1044","Team Members","","You do not have permission to assign members to projects.","Δεν έχετε δικαίωμα να assign members to projects..","","Proposal",""
"1045","Team Members","","You do not have permission to change roles.","Δεν έχετε δικαίωμα να change roles..","","Proposal",""
"1046","Team Members","","You do not have permission to change this file display.","Δεν έχετε δικαίωμα να change this file display..","","Proposal",""
"1047","Team Members","","You do not have permission to complete this area.","Δεν έχετε δικαίωμα να complete this area..","","Proposal",""
"1048","Team Members","","You do not have permission to create admins.","Δεν έχετε δικαίωμα να create admins..","","Proposal",""
"1049","Team Members","","You do not have permission to create members.","Δεν έχετε δικαίωμα να create members..","","Proposal",""
"1050","Team Members","","You do not have permission to create projects.","Δεν έχετε δικαίωμα να create projects..","","Proposal",""
"1051","Team Members","","You do not have permission to deactivate this member.","Δεν έχετε δικαίωμα να deactivate this member..","","Proposal",""
"1052","Team Members","","You do not have permission to edit members.","Δεν έχετε δικαίωμα να edit members..","","Proposal",""
"1053","Team Members","","You do not have permission to edit this item.","Δεν έχετε δικαίωμα να edit this item..","","Proposal",""
"1054","Team Members","","You do not have permission to permanently delete this member.","Δεν έχετε δικαίωμα να permanently delete this member..","","Proposal",""
"1055","Team Members","","You do not have permission to promote someone to admin.","Δεν έχετε δικαίωμα να promote someone to admin..","","Proposal",""
"1056","Team Members","","You do not have permission to remove admin rights.","Δεν έχετε δικαίωμα να remove admin rights..","","Proposal",""
"1057","Team Members","","You do not have permission to remove admins.","Δεν έχετε δικαίωμα να remove admins..","","Proposal",""
"1058","Team Members","","You do not have permission to reopen this area.","Δεν έχετε δικαίωμα να reopen this area..","","Proposal",""
"1059","Team Members","","You do not have permission to restore members.","Δεν έχετε δικαίωμα να restore members..","","Proposal",""
"1060","Team Members","","You do not have permission to see project tasks.","Δεν έχετε δικαίωμα να see project tasks..","","Proposal",""
"1061","Clients","","You have to add name, project manager, and client first before editing.","","","Needs Greek","Please add/check Greek wording"